,,
,Introduction,
,,
,"The purpose of this document is to give an understanding over the data that is to be provided to Eudamed and that can be communicated through Data Exchange process for the UDI/Device module. 

The document presents the different attributes related to UDI/Device that may be communicated through XML, their correspondence to the fields from EUDAMED User Interface, the description of each field apart and the Rules applying at the level of the Entity of for each specific field apart.

Each attribute is defined by the Entity were it resides and the attribute name.",
,,
,Document sections (sheets),
,,
,Data Dictionary Fields,Section contains a description of the fields used in the data dictionary
,Entities ,"Section contains the list of Entities in MDR EUDAMED system involved in the Data Exchange process for the module described, a description of the Entity and the Business Rules applicable at the level of each Entity apart"
,Field Size,Section explain the different type of Sizes used for the String fields inside the document
,Procedure,Section contains all the fields related to the Procedure main Entity and other Entities associated to the Procedure.
,FinalInspectionReport,Section contains all the fields related to the Final inspection report Entity and other Entities associated to it.
,AnnualSummaryReport,Section contains all the fields related to the Annual summary report Entity and other Entities associated to it.
,FourYearsReport,Section contains all the fields related to the 4 years report Entity and other Entities associated to it.
