 Field ID,Field Label,Entity Name,Field Name,Field Description / Notes,ENUM Reference Code ,Field Type,Field Size,Multilingual Flag,Occurrence,Searchable,GDPR Flag,Public Access Flag,Business Rules,Updateable,DTX Entity,XSD Element Name
FLD-MSU-131,EUDAMED ref.number,fourYearsReport,identifier,Unique identifier of the report generated by the system,,String,XS,,1,Y,,Y,BR-MSU-025,,ReportDataType,identifier
FLD-MSU-132,CA reference for this four years report,fourYearsReport,caReference,Local CA reference of the final inspection report,,String,XS,,1,Y,,Y,,,ReportDataType,caReference
FLD-MSU-133,Applicable regulation,fourYearsReport,applicableRegulations,Regulation(s) that is applicable to the given report. May be ,ENUM_MSU_ApplicableRegulations,Enum,,,1..*,Y,,Y,BR-MSU-040,,ReportDataType,ApplicableRegulation
FLD-MSU-140,[no label],fourYearsReport,initiatingCa,Link to CA/EC identification,,Actor (ACT),,,1,,,Y,,,ReportDataType,initiatingCACode
FLD-MSU-184,Submission date,fourYearsReport,submissionDate,Date of submission of the 1st version of report,,Date,,,1,,,Y,,,VersionDataType,submissionDate
FLD-MSU-185,[not displayed],fourYearsReport,reportType,Type of the report,ENUM_MSU_ReportType,Enum,,,1,Y,,Y,BR-MSU-139,,ReportDataType,ReportTypeEnum
FLD-MSU-139,[no label],fourYearsReport,versionState,Defined by the system,ENUM_MSU_VersionState,Enum,,,1,Y,,Y,BR-MSU-169,,Entity,state
FLD-MSU-186,Version,fourYearsReport,versionNumber,Number of the version,,,,,1,Y,,,,,Entity,version
FLD-MSU-187,Last update date,fourYearsReport,discardedDate,Date of the version discard,,Date,,,0..1,,,,,,VersionDataType,discardedDate
FLD-MSU-137,Four years results report file (in English),fourYearsReport,resultsDocument,Link to 4 years results report file,,document (EUDAMED),,,1,,,,,,FIRVersionType,ReportDocumentType
FLD-MSU-138,Four years summary report file (in English),fourYearsReport,summaryDocument,Link to 4 years summary report file,,document (EUDAMED),,,1,,,Y,,,FIRVersionType,ReportDocumentType
FLD-MSU-136,Abstract summary text,fourYearsReport,abstractSummaryText,Text of abstract summary,,String,L,,1,,,Y,,,AnnualSummaryReportType,abstractSummaryText
FLD-MSU-134,Start date,fourYearsReport,startDate,Start year-month of the report period,,yearMonth,,,1,Y,,Y,,,FourYearReportType,periodStart
FLD-MSU-135,End date,fourYearsReport,endDate,End year-month of the report period,,yearMonth,,,1,Y,,Y,,,FourYearReportType,periodEnd
FLD-MSU-188,Last update date,fourYearsReport,versionDate,Datetime of the last update of the version,,Date,,,1,Y,,Y,,,Entity,versionDate
FLD-MSU-189,Year,yearMonth,year,Year of the report period,,Integer,,,1,Y,,Y,,,,
FLD-MSU-190,Month,yearMonth,month,Month of the report period,,Integer,,,1,Y,,Y,,,,
