"ID","CODE","LANGUAGE","VALUE"
-212,"PLACED_ON_THE_MARKET_ID","pl","Tadżykistan"
-66,"PLACED_ON_THE_MARKET_ID","de","Eritrea"
-155,"PLACED_ON_THE_MARKET_ID","hu","Mozambik"
-140,"PLACED_ON_THE_MARKET_ID","el","Βόρεια Μακεδονία"
-194,"PLACED_ON_THE_MARKET_ID","ro","Sfânta Elena, Ascension și Tristan da Cunha"
-6,"PLACED_ON_THE_MARKET_ID","pl","Albania"
-205,"RISK_CLASS_ID","mt","Klassi IIb"
-1307,"STATUS_ID","nl","Inactief"
-49,"PLACED_ON_THE_MARKET_ID","it","Costa Rica"
-27,"PLACED_ON_THE_MARKET_ID","et","Bermuda"
-116,"PLACED_ON_THE_MARKET_ID","et","Komoorid"
-159,"PLACED_ON_THE_MARKET_ID","fr","Île Norfolk"
-170,"PLACED_ON_THE_MARKET_ID","sl","Peru"
-148,"PLACED_ON_THE_MARKET_ID","nl","Montserrat"
-101,"PLACED_ON_THE_MARKET_ID","en","Israel"
-222,"PLACED_ON_THE_MARKET_ID","sl","Tanzanija"
-58,"PLACED_ON_THE_MARKET_ID","en","Denmark"
-2,"PLACED_ON_THE_MARKET_ID","lv","Apvienotie Arābu Emirāti"
-109,"PLACED_ON_THE_MARKET_ID","pt","Jamaica"
-96,"PLACED_ON_THE_MARKET_ID","es","Croacia"
-107,"PLACED_ON_THE_MARKET_ID","ro","Islanda"
-35,"PLACED_ON_THE_MARKET_ID","et","Valgevene"
-1,"PLACED_ON_THE_MARKET_ID","pl","Andora"
-121,"PLACED_ON_THE_MARKET_ID","lv","Kaimanu salas"
-226,"PLACED_ON_THE_MARKET_ID","pl","Stany Zjednoczone"
-210,"PLACED_ON_THE_MARKET_ID","da","Togo"
-229,"PLACED_ON_THE_MARKET_ID","sk","Svätá stolica"
-75,"PLACED_ON_THE_MARKET_ID","hu","Gabon"
-187,"PLACED_ON_THE_MARKET_ID","hr","Ruanda"
-127,"PLACED_ON_THE_MARKET_ID","pl","Sri Lanka"
-215,"PLACED_ON_THE_MARKET_ID","cs","Turkmenistán"
-124,"PLACED_ON_THE_MARKET_ID","sl","Libanon"
-219,"RISK_CLASS_ID","lt","Savikontrolei skirtos IVD priemonės"
-230,"PLACED_ON_THE_MARKET_ID","ro","Saint Vincent și Grenadinele"
-129,"PLACED_ON_THE_MARKET_ID","pl","Lesotho"
-99,"PLACED_ON_THE_MARKET_ID","et","Indoneesia"
-126,"PLACED_ON_THE_MARKET_ID","el","Λιχτενστάιν"
-140,"PLACED_ON_THE_MARKET_ID","en","North Macedonia"
-191,"PLACED_ON_THE_MARKET_ID","de","Sudan"
-68,"PLACED_ON_THE_MARKET_ID","sk","Etiópia"
-92,"PLACED_ON_THE_MARKET_ID","da","Guyana"
-32,"PLACED_ON_THE_MARKET_ID","sv","Bhutan"
-23,"PLACED_ON_THE_MARKET_ID","lt","Bulgarija"
-59,"PLACED_ON_THE_MARKET_ID","fi","Dominica"
-91,"PLACED_ON_THE_MARKET_ID","en","Guinea-Bissau"
-2,"PLACED_ON_THE_MARKET_ID","es","Emiratos Árabes Unidos"
-236,"PLACED_ON_THE_MARKET_ID","el","Ουάλις και Φουτούνα"
-115,"PLACED_ON_THE_MARKET_ID","bg","Кирибати"
-164,"PLACED_ON_THE_MARKET_ID","en","Nepal"
-1307,"STATUS_ID","sv","Inaktiv"
-56,"PLACED_ON_THE_MARKET_ID","pt","Alemanha"
-104,"PLACED_ON_THE_MARKET_ID","cs","Britské indickooceánské území"
-236,"PLACED_ON_THE_MARKET_ID","pl","Wallis i Futuna"
-53,"APPLICABLE_LEGISLATION_ID","el","AIMDD (οδηγία 93/42/EΟΚ περί των ιατροτεχνολογικών προϊόντων)"
-107,"PLACED_ON_THE_MARKET_ID","it","Islanda"
-160,"PLACED_ON_THE_MARKET_ID","da","Nigeria"
-1190,"SPECIAL_DEVICE_TYPE_ID","de","Brillengläser"
-155,"RISK_CLASS_ID","el","IVD Παράρτημα II Κατάλογος Α"
-21,"PLACED_ON_THE_MARKET_ID","de","Belgien"
-6,"PLACED_ON_THE_MARKET_ID","en","Albania"
-117,"MULTI_COMPONENT_ID","el","Σύνολο προϊόντων το οποίο αποτελεί το ίδιο τεχνολογικό προϊόν"
-81,"PLACED_ON_THE_MARKET_ID","nl","Gibraltar"
-9,"PLACED_ON_THE_MARKET_ID","fi","Angola"
-228,"PLACED_ON_THE_MARKET_ID","mt","L-Użbekistan"
-200,"RISK_CLASS_ID","it","Classe B"
-83,"PLACED_ON_THE_MARKET_ID","nl","Gambia"
-1188,"SPECIAL_DEVICE_TYPE_ID","pl","Miękkie soczewki kontaktowe wykonane na zamówienie"
-39,"PLACED_ON_THE_MARKET_ID","mt","Ir-Repubblika Demokratika tal-Kongo"
-3030,"SPECIAL_DEVICE_TYPE_ID","hu","refdata.special-mdr-device-type.made-to-order-rigid-gas-permeable"
-157,"PLACED_ON_THE_MARKET_ID","cs","Nová Kaledonie"
-50,"PLACED_ON_THE_MARKET_ID","de","Serbien"
-245,"PLACED_ON_THE_MARKET_ID","el","Τουρκία"
-185,"PLACED_ON_THE_MARKET_ID","sv","Rumänien"
-226,"PLACED_ON_THE_MARKET_ID","fr","États-Unis"
-90,"PLACED_ON_THE_MARKET_ID","hu","Guam"
-149,"PLACED_ON_THE_MARKET_ID","pt","Malta"
-185,"PLACED_ON_THE_MARKET_ID","es","Rumanía"
-127,"PLACED_ON_THE_MARKET_ID","hr","Šri Lanka"
-170,"PLACED_ON_THE_MARKET_ID","es","Perú"
-239,"PLACED_ON_THE_MARKET_ID","en","Mayotte"
-221,"PLACED_ON_THE_MARKET_ID","hu","Tajvan"
-71,"PLACED_ON_THE_MARKET_ID","pl","Falklandy"
-105,"PLACED_ON_THE_MARKET_ID","sl","Irak"
-11,"PLACED_ON_THE_MARKET_ID","hu","Argentína"
-73,"PLACED_ON_THE_MARKET_ID","it","Fær Øer"
-225,"PLACED_ON_THE_MARKET_ID","lt","Jungtinių Valstijų Mažosios Tolimosios Salos"
-138,"PLACED_ON_THE_MARKET_ID","fr","Madagascar"
-150,"PLACED_ON_THE_MARKET_ID","hu","Mauritius"
-129,"PLACED_ON_THE_MARKET_ID","nl","Lesotho"
-2,"PLACED_ON_THE_MARKET_ID","fi","Yhdistyneet Arabiemiraatit"
-21,"PLACED_ON_THE_MARKET_ID","pl","Belgia"
-102,"PLACED_ON_THE_MARKET_ID","en","Isle of Man"
-243,"PLACED_ON_THE_MARKET_ID","pl","Irlandia Północna"
-71,"PLACED_ON_THE_MARKET_ID","lt","Folklando Salos"
-74,"PLACED_ON_THE_MARKET_ID","nl","Frankrijk"
-32,"PLACED_ON_THE_MARKET_ID","sl","Butan"
-11,"DEVICE_STATUS_TYPE_ID","sv","På den inre marknaden"
-105,"PLACED_ON_THE_MARKET_ID","cs","Irák"
-67,"PLACED_ON_THE_MARKET_ID","sl","Španija"
-242,"PLACED_ON_THE_MARKET_ID","nl","Zimbabwe"
-86,"PLACED_ON_THE_MARKET_ID","fr","Guinée équatoriale"
-30,"PLACED_ON_THE_MARKET_ID","nl","Brazilië"
-147,"PLACED_ON_THE_MARKET_ID","sv","Mauretanien"
-183,"PLACED_ON_THE_MARKET_ID","sl","Katar"
-69,"PLACED_ON_THE_MARKET_ID","sv","Finland"
-227,"PLACED_ON_THE_MARKET_ID","et","Uruguay"
-70,"PLACED_ON_THE_MARKET_ID","bg","Фиджи"
-1307,"STATUS_ID","lt","Neaktyvu"
-83,"PLACED_ON_THE_MARKET_ID","cs","Gambie"
-229,"PLACED_ON_THE_MARKET_ID","lv","Vatikāns"
-24,"PLACED_ON_THE_MARKET_ID","el","Μπαχρέιν"
-211,"PLACED_ON_THE_MARKET_ID","lt","Tailandas"
-249,"PLACED_ON_THE_MARKET_ID","da","Bonaire, Sint Eustatius og Saba"
-69,"PLACED_ON_THE_MARKET_ID","ro","Finlanda"
-206,"PLACED_ON_THE_MARKET_ID","lv","Svatini"
-12,"PLACED_ON_THE_MARKET_ID","hu","Amerikai Szamoa"
-65,"PLACED_ON_THE_MARKET_ID","mt","Is-Saħara tal-Punent"
-66,"PLACED_ON_THE_MARKET_ID","mt","L-Eritrea"
-54,"APPLICABLE_LEGISLATION_ID","el","AIMDD (οδηγία 90/385/EΟΚ - Ενεργά εμφυτεύσιμα ιατρικά βοηθήματα)"
-200,"PLACED_ON_THE_MARKET_ID","da","Senegal"
-143,"PLACED_ON_THE_MARKET_ID","en","Mongolia"
-225,"PLACED_ON_THE_MARKET_ID","mt","Il-Gżejjer Minuri Mbiegħda tal-Istati Uniti"
-121,"PLACED_ON_THE_MARKET_ID","es","Islas Caimán"
-253,"PLACED_ON_THE_MARKET_ID","de","Sint Maarten"
-125,"PLACED_ON_THE_MARKET_ID","lv","Sentlūsija"
-210,"PLACED_ON_THE_MARKET_ID","es","Togo"
-24,"PLACED_ON_THE_MARKET_ID","da","Bahrain"
-541,"MULTI_COMPONENT_ID","fi","Toimenpidepakkaus"
-32,"PLACED_ON_THE_MARKET_ID","mt","Il-Bhutan"
-216,"PLACED_ON_THE_MARKET_ID","fi","Tunisia"
-223,"PLACED_ON_THE_MARKET_ID","et","Ukraina"
-233,"PLACED_ON_THE_MARKET_ID","hu","Amerikai Virgin-szigetek"
-18,"PLACED_ON_THE_MARKET_ID","sl","Bosna in Hercegovina"
-88,"PLACED_ON_THE_MARKET_ID","cs","Jižní Georgie a Jižní Sandwichovy ostrovy"
-3021,"APPLICABLE_LEGISLATION_ID","it","Non nota"
-145,"PLACED_ON_THE_MARKET_ID","de","Nördliche Marianen"
-15,"PLACED_ON_THE_MARKET_ID","fr","Aruba"
-257,"PLACED_ON_THE_MARKET_ID","fr","Kosovo*"
-34,"PLACED_ON_THE_MARKET_ID","nl","Botswana"
-20,"PLACED_ON_THE_MARKET_ID","pl","Bangladesz"
-47,"PLACED_ON_THE_MARKET_ID","et","Hiina"
-115,"PLACED_ON_THE_MARKET_ID","fi","Kiribati"
-7,"PLACED_ON_THE_MARKET_ID","en","Armenia"
-87,"PLACED_ON_THE_MARKET_ID","hu","Görögország"
-192,"PLACED_ON_THE_MARKET_ID","da","Sverige"
-208,"PLACED_ON_THE_MARKET_ID","es","Chad"
-196,"PLACED_ON_THE_MARKET_ID","sk","Svalbard a Jan Mayen"
-1191,"SPECIAL_DEVICE_TYPE_ID","lt","Gatavi skaitymo akiniai"
-158,"PLACED_ON_THE_MARKET_ID","nl","Niger"
-160,"PLACED_ON_THE_MARKET_ID","sv","Nigeria"
-9,"PLACED_ON_THE_MARKET_ID","et","Angola"
-74,"PLACED_ON_THE_MARKET_ID","es","Francia"
-101,"PLACED_ON_THE_MARKET_ID","lv","Izraēla"
-15,"PLACED_ON_THE_MARKET_ID","lv","Aruba"
-121,"PLACED_ON_THE_MARKET_ID","de","Kaimaninseln"
-115,"PLACED_ON_THE_MARKET_ID","el","Κιριμπάτι"
-150,"PLACED_ON_THE_MARKET_ID","cs","Mauricius"
-155,"PLACED_ON_THE_MARKET_ID","lt","Mozambikas"
-49,"PLACED_ON_THE_MARKET_ID","hu","Costa Rica"
-181,"PLACED_ON_THE_MARKET_ID","lt","Palau"
-200,"PLACED_ON_THE_MARKET_ID","mt","Is-Senegal"
-249,"PLACED_ON_THE_MARKET_ID","lv","Bonaire, Sintēstatiusa un Saba"
-137,"PLACED_ON_THE_MARKET_ID","da","Montenegro"
-123,"PLACED_ON_THE_MARKET_ID","hr","Laos"
-46,"PLACED_ON_THE_MARKET_ID","ro","Camerun"
-88,"PLACED_ON_THE_MARKET_ID","lv","Dienviddžordžija un Dienvidsendviču salas"
-18,"PLACED_ON_THE_MARKET_ID","sk","Bosna a Hercegovina"
-203,"PLACED_ON_THE_MARKET_ID","mt","Sao Tome u Principe"
-29,"PLACED_ON_THE_MARKET_ID","ro","Bolivia"
-232,"PLACED_ON_THE_MARKET_ID","et","Briti Neitsisaared"
-103,"PLACED_ON_THE_MARKET_ID","it","India"
-19,"PLACED_ON_THE_MARKET_ID","da","Barbados"
-159,"PLACED_ON_THE_MARKET_ID","en","Norfolk Island"
-21,"PLACED_ON_THE_MARKET_ID","pt","Bélgica"
-229,"PLACED_ON_THE_MARKET_ID","en","Holy See"
-107,"PLACED_ON_THE_MARKET_ID","mt","L-Iżlanda"
-94,"PLACED_ON_THE_MARKET_ID","sk","Heardov ostrov"
-158,"PLACED_ON_THE_MARKET_ID","pt","Níger"
-203,"PLACED_ON_THE_MARKET_ID","sk","Svätý Tomáš a Princov ostrov"
-202,"PLACED_ON_THE_MARKET_ID","et","Suriname"
-83,"PLACED_ON_THE_MARKET_ID","hu","Gambia"
-55,"APPLICABLE_LEGISLATION_ID","fi","IVDD (IVD-direktiivi, direktiivi 98/79/ETY in vitro -diagnostiikkaan tarkoitetuista lääkinnällisistä laitteista)"
-135,"PLACED_ON_THE_MARKET_ID","nl","Monaco"
-230,"PLACED_ON_THE_MARKET_ID","nl","Saint Vincent en de Grenadines"
-256,"PLACED_ON_THE_MARKET_ID","et","Sark"
-790,"DEVICE_STATUS_TYPE_ID","en","Not intended for the EU market"
-198,"APPLICABLE_LEGISLATION_ID","hr","IVDR (Uredba (EU) 2017/746 o in vitro dijagnostičkim medicinskim proizvodima)"
-21,"PLACED_ON_THE_MARKET_ID","fi","Belgia"
-201,"RISK_CLASS_ID","hr","Klasa C"
-198,"PLACED_ON_THE_MARKET_ID","fi","Sierra Leone"
-103,"PLACED_ON_THE_MARKET_ID","de","Indien"
-73,"PLACED_ON_THE_MARKET_ID","lv","Fēru salas"
-44,"PLACED_ON_THE_MARKET_ID","hu","Cook-szigetek"
-129,"PLACED_ON_THE_MARKET_ID","da","Lesotho"
-46,"PLACED_ON_THE_MARKET_ID","mt","Il-Kamerun"
-16,"PLACED_ON_THE_MARKET_ID","fi","Ahvenanmaa"
-115,"PLACED_ON_THE_MARKET_ID","et","Kiribati"
-116,"PLACED_ON_THE_MARKET_ID","el","Κομόρες"
-158,"PLACED_ON_THE_MARKET_ID","sk","Niger"
-47,"SPECIAL_DEVICE_TYPE_ID","el","Λογισμικό"
-88,"PLACED_ON_THE_MARKET_ID","sv","Sydgeorgien och Sydsandwichöarna"
-60,"PLACED_ON_THE_MARKET_ID","lv","Dominikānas Republika"
-162,"PLACED_ON_THE_MARKET_ID","en","Netherlands"
-116,"PLACED_ON_THE_MARKET_ID","en","Comoros"
-71,"PLACED_ON_THE_MARKET_ID","pt","Ilhas Falkland"
-92,"PLACED_ON_THE_MARKET_ID","et","Guyana"
-219,"RISK_CLASS_ID","mt","Apparati IVD għall-awtottestjar"
-67,"PLACED_ON_THE_MARKET_ID","mt","Spanja"
-1190,"SPECIAL_DEVICE_TYPE_ID","fi","Silmälasilinssit"
-174,"PLACED_ON_THE_MARKET_ID","nl","Pakistan"
-37,"PLACED_ON_THE_MARKET_ID","lv","Kanāda"
-165,"PLACED_ON_THE_MARKET_ID","sv","Nauru"
-201,"PLACED_ON_THE_MARKET_ID","cs","Somálsko"
-22,"PLACED_ON_THE_MARKET_ID","fi","Burkina"
-180,"PLACED_ON_THE_MARKET_ID","hu","Portugália"
-186,"PLACED_ON_THE_MARKET_ID","fi","Venäjä"
-131,"PLACED_ON_THE_MARKET_ID","de","Luxemburg"
-200,"PLACED_ON_THE_MARKET_ID","sl","Senegal"
-198,"PLACED_ON_THE_MARKET_ID","hu","Sierra Leone"
-157,"RISK_CLASS_ID","cs","IVD obecně"
-50,"PLACED_ON_THE_MARKET_ID","fr","Serbie"
-117,"MULTI_COMPONENT_ID","ro","Pachet pentru proceduri care este un dispozitiv în sine"
-252,"PLACED_ON_THE_MARKET_ID","hu","Curaçao"
-113,"PLACED_ON_THE_MARKET_ID","en","Kyrgyzstan"
-77,"PLACED_ON_THE_MARKET_ID","en","Grenada"
-141,"PLACED_ON_THE_MARKET_ID","mt","Il-Mali"
-124,"PLACED_ON_THE_MARKET_ID","pl","Liban"
-246,"PLACED_ON_THE_MARKET_ID","fr","Jersey"
-125,"PLACED_ON_THE_MARKET_ID","cs","Svatá Lucie"
-232,"PLACED_ON_THE_MARKET_ID","ro","Insulele Virgine Britanice"
-179,"PLACED_ON_THE_MARKET_ID","sv","Palestina*"
-11,"PLACED_ON_THE_MARKET_ID","da","Argentina"
-178,"PLACED_ON_THE_MARKET_ID","cs","Portoriko"
-55,"APPLICABLE_LEGISLATION_ID","sk","IVDD (smernica 98/79/ES o diagnostických zdravotných pomôckach in vitro)"
-190,"PLACED_ON_THE_MARKET_ID","sl","Sejšeli"
-95,"PLACED_ON_THE_MARKET_ID","hr","Honduras"
-140,"PLACED_ON_THE_MARKET_ID","fi","Pohjois-Makedonia"
-195,"PLACED_ON_THE_MARKET_ID","mt","Is-Slovenja"
-156,"PLACED_ON_THE_MARKET_ID","sv","Namibia"
-170,"PLACED_ON_THE_MARKET_ID","cs","Peru"
-186,"PLACED_ON_THE_MARKET_ID","bg","Русия"
-140,"PLACED_ON_THE_MARKET_ID","hr","Sjeverna Makedonija"
-18,"PLACED_ON_THE_MARKET_ID","cs","Bosna a Hercegovina"
-55,"APPLICABLE_LEGISLATION_ID","lv","IVDD (Direktīva 98/79/EK par medicīnas ierīcēm, ko lieto in vitro diagnostikā)"
-90,"PLACED_ON_THE_MARKET_ID","ro","Guam"
-22,"PLACED_ON_THE_MARKET_ID","fr","Burkina"
-180,"PLACED_ON_THE_MARKET_ID","de","Portugal"
-209,"PLACED_ON_THE_MARKET_ID","hr","Francuska Južna i Antarktička Područja"
-3021,"APPLICABLE_LEGISLATION_ID","en","Unknown"
-10,"RISK_CLASS_ID","it","Classe III"
-168,"PLACED_ON_THE_MARKET_ID","mt","L-Oman"
-137,"PLACED_ON_THE_MARKET_ID","lv","Melnkalne"
-76,"PLACED_ON_THE_MARKET_ID","fi","Yhdistynyt kuningaskunta (lukuun ottamatta Pohjois-Irlantia)"
-119,"PLACED_ON_THE_MARKET_ID","lv","Dienvidkoreja"
-12,"DEVICE_STATUS_TYPE_ID","cs","Již se neprodává na trhu EU"
-117,"MULTI_COMPONENT_ID","sv","Vårdset som är en produkt i sig"
-134,"PLACED_ON_THE_MARKET_ID","et","Maroko"
-200,"PLACED_ON_THE_MARKET_ID","cs","Senegal"
-156,"PLACED_ON_THE_MARKET_ID","lt","Namibija"
-70,"PLACED_ON_THE_MARKET_ID","cs","Fidži"
-214,"PLACED_ON_THE_MARKET_ID","sv","Östtimor"
-124,"PLACED_ON_THE_MARKET_ID","lv","Libāna"
-233,"PLACED_ON_THE_MARKET_ID","lv","ASV Virdžīnas"
-117,"PLACED_ON_THE_MARKET_ID","mt","Saint Kitts u Nevis"
-3020,"APPLICABLE_LEGISLATION_ID","pl","Nie dotyczy"
-72,"PLACED_ON_THE_MARKET_ID","bg","Микронезия"
-179,"PLACED_ON_THE_MARKET_ID","et","Palestiina*"
-159,"PLACED_ON_THE_MARKET_ID","lv","Norfolkas sala"
-201,"PLACED_ON_THE_MARKET_ID","hu","Szomália"
-7,"PLACED_ON_THE_MARKET_ID","cs","Arménie"
-210,"PLACED_ON_THE_MARKET_ID","cs","Togo"
-253,"PLACED_ON_THE_MARKET_ID","pl","Sint Maarten"
-210,"PLACED_ON_THE_MARKET_ID","sl","Togo"
-89,"PLACED_ON_THE_MARKET_ID","sv","Guatemala"
-256,"PLACED_ON_THE_MARKET_ID","pl","Sark"
-1188,"SPECIAL_DEVICE_TYPE_ID","ro","Lentile de contact moi executate la comandă"
-2,"PLACED_ON_THE_MARKET_ID","lt","Jungtiniai Arabų Emyratai"
-126,"PLACED_ON_THE_MARKET_ID","fr","Liechtenstein"
-164,"PLACED_ON_THE_MARKET_ID","sv","Nepal"
-155,"PLACED_ON_THE_MARKET_ID","da","Mozambique"
-63,"PLACED_ON_THE_MARKET_ID","sv","Estland"
-84,"PLACED_ON_THE_MARKET_ID","en","Guinea"
-173,"PLACED_ON_THE_MARKET_ID","fi","Filippiinit"
-65,"PLACED_ON_THE_MARKET_ID","et","Lääne-Sahara"
-127,"PLACED_ON_THE_MARKET_ID","da","Sri Lanka"
-141,"PLACED_ON_THE_MARKET_ID","sl","Mali"
-110,"PLACED_ON_THE_MARKET_ID","en","Jordan"
-35,"PLACED_ON_THE_MARKET_ID","lt","Baltarusija"
-36,"PLACED_ON_THE_MARKET_ID","lv","Beliza"
-44,"PLACED_ON_THE_MARKET_ID","lv","Kuka Salas"
-102,"PLACED_ON_THE_MARKET_ID","pt","Ilha de Man"
-75,"PLACED_ON_THE_MARKET_ID","cs","Gabon"
-224,"PLACED_ON_THE_MARKET_ID","da","Uganda"
-102,"PLACED_ON_THE_MARKET_ID","de","Insel Man"
-228,"PLACED_ON_THE_MARKET_ID","de","Usbekistan"
-89,"PLACED_ON_THE_MARKET_ID","pl","Gwatemala"
-154,"RISK_CLASS_ID","fi","AIMDD"
-203,"PLACED_ON_THE_MARKET_ID","it","Sao Tomé e Principe"
-155,"PLACED_ON_THE_MARKET_ID","es","Mozambique"
-214,"PLACED_ON_THE_MARKET_ID","hu","Kelet-Timor"
-183,"PLACED_ON_THE_MARKET_ID","lv","Katara"
-220,"PLACED_ON_THE_MARKET_ID","pl","Tuvalu"
-139,"PLACED_ON_THE_MARKET_ID","mt","Il-Gżejjer Marshall"
-28,"PLACED_ON_THE_MARKET_ID","es","Brunéi"
-47,"SPECIAL_DEVICE_TYPE_ID","nl","Software"
-202,"RISK_CLASS_ID","pt","Classe D"
-75,"PLACED_ON_THE_MARKET_ID","sl","Gabon"
-209,"PLACED_ON_THE_MARKET_ID","pl","Francuskie Terytoria Południowe i Antarktyczne"
-146,"PLACED_ON_THE_MARKET_ID","hr","Martinique"
-199,"RISK_CLASS_ID","fi","Alaluokka A"
-68,"PLACED_ON_THE_MARKET_ID","fr","Éthiopie"
-76,"PLACED_ON_THE_MARKET_ID","hu","Egyesült Királyság (kivéve Észak-Írországot)"
-7,"PLACED_ON_THE_MARKET_ID","ro","Armenia"
-112,"PLACED_ON_THE_MARKET_ID","de","Kenia"
-217,"PLACED_ON_THE_MARKET_ID","ro","Tonga"
-68,"PLACED_ON_THE_MARKET_ID","ro","Etiopia"
-209,"PLACED_ON_THE_MARKET_ID","pt","Terras Austrais e Antárticas Francesas"
-96,"PLACED_ON_THE_MARKET_ID","pt","Croácia"
-73,"PLACED_ON_THE_MARKET_ID","nl","Faeröer"
-43,"SPECIAL_DEVICE_TYPE_ID","sv","Programvara"
-33,"PLACED_ON_THE_MARKET_ID","lv","Buvē sala"
-245,"PLACED_ON_THE_MARKET_ID","es","Türkiye"
-184,"PLACED_ON_THE_MARKET_ID","el","Ρεϊνιόν"
-49,"PLACED_ON_THE_MARKET_ID","pl","Kostaryka"
-234,"PLACED_ON_THE_MARKET_ID","sk","Vietnam"
-94,"PLACED_ON_THE_MARKET_ID","ro","Insula Heard și Insulele McDonald"
-154,"PLACED_ON_THE_MARKET_ID","lv","Malaizija"
-228,"PLACED_ON_THE_MARKET_ID","lt","Uzbekistanas"
-53,"APPLICABLE_LEGISLATION_ID","en","MDD (Directive 93/42/EEC on Medical Devices)"
-122,"PLACED_ON_THE_MARKET_ID","el","Καζακστάν"
-201,"PLACED_ON_THE_MARKET_ID","lt","Somalis"
-248,"PLACED_ON_THE_MARKET_ID","nl","Zuid-Sudan"
-71,"PLACED_ON_THE_MARKET_ID","en","Falkland Islands"
-44,"PLACED_ON_THE_MARKET_ID","hr","Cookovi Otoci"
-130,"PLACED_ON_THE_MARKET_ID","lv","Lietuva"
-203,"PLACED_ON_THE_MARKET_ID","es","Santo Tomé y Príncipe"
-240,"PLACED_ON_THE_MARKET_ID","et","Lõuna-Aafrika"
-105,"PLACED_ON_THE_MARKET_ID","bg","Ирак"
-107,"PLACED_ON_THE_MARKET_ID","es","Islandia"
-122,"PLACED_ON_THE_MARKET_ID","sv","Kazakstan"
-47,"SPECIAL_DEVICE_TYPE_ID","sl","Programska oprema"
-161,"PLACED_ON_THE_MARKET_ID","hr","Nigaragva"
-98,"PLACED_ON_THE_MARKET_ID","fi","Unkari"
-140,"PLACED_ON_THE_MARKET_ID","cs","Severní Makedonie"
-251,"PLACED_ON_THE_MARKET_ID","lv","Klipertona"
-74,"PLACED_ON_THE_MARKET_ID","bg","Франция"
-136,"PLACED_ON_THE_MARKET_ID","sk","Moldavsko"
-219,"PLACED_ON_THE_MARKET_ID","sv","Trinidad och Tobago"
-31,"PLACED_ON_THE_MARKET_ID","lt","Bahamos"
-172,"PLACED_ON_THE_MARKET_ID","sl","Papuanska Nova Gvineja"
-191,"PLACED_ON_THE_MARKET_ID","lt","Sudanas"
-200,"RISK_CLASS_ID","ro","Clasa B"
-195,"PLACED_ON_THE_MARKET_ID","da","Slovenien"
-241,"PLACED_ON_THE_MARKET_ID","fr","Zambie"
-117,"PLACED_ON_THE_MARKET_ID","fr","Saint-Christophe-et-Niévès"
-228,"PLACED_ON_THE_MARKET_ID","it","Uzbekistan"
-14,"PLACED_ON_THE_MARKET_ID","sk","Austrália"
-46,"PLACED_ON_THE_MARKET_ID","sl","Kamerun"
-237,"PLACED_ON_THE_MARKET_ID","lv","Samoa"
-208,"PLACED_ON_THE_MARKET_ID","fi","Tšad"
-74,"PLACED_ON_THE_MARKET_ID","pl","Francja"
-57,"PLACED_ON_THE_MARKET_ID","nl","Djibouti"
-87,"PLACED_ON_THE_MARKET_ID","cs","Řecko"
-226,"PLACED_ON_THE_MARKET_ID","et","Ameerika Ühendriigid"
-168,"PLACED_ON_THE_MARKET_ID","es","Omán"
-12,"DEVICE_STATUS_TYPE_ID","lt","Nebeteikiama ES rinkai"
-201,"RISK_CLASS_ID","mt","Klassi C"
-55,"APPLICABLE_LEGISLATION_ID","hu","IVDD (az in vitro diagnosztikai orvostechnikai eszközökről szóló 98/79/EK irányelv)"
-142,"PLACED_ON_THE_MARKET_ID","bg","Мианмар/Бирма"
-107,"PLACED_ON_THE_MARKET_ID","hr","Island"
-239,"PLACED_ON_THE_MARKET_ID","da","Mayotte"
-53,"PLACED_ON_THE_MARKET_ID","fr","Île Christmas"
-141,"PLACED_ON_THE_MARKET_ID","el","Μαλί"
-89,"PLACED_ON_THE_MARKET_ID","sk","Guatemala"
-159,"PLACED_ON_THE_MARKET_ID","sl","Otok Norfolk"
-1188,"SPECIAL_DEVICE_TYPE_ID","bg","Меки контактни лещи, които отговарят на определени параметри и могат да бъдат поръчвани"
-230,"PLACED_ON_THE_MARKET_ID","it","Saint Vincent e Grenadine"
-128,"PLACED_ON_THE_MARKET_ID","bg","Либерия"
-116,"PLACED_ON_THE_MARKET_ID","hr","Komori"
-54,"PLACED_ON_THE_MARKET_ID","pl","Cypr"
-86,"PLACED_ON_THE_MARKET_ID","pl","Gwinea Równikowa"
-117,"PLACED_ON_THE_MARKET_ID","lt","Sent Kitsas ir Nevis"
-164,"PLACED_ON_THE_MARKET_ID","bg","Непал"
-175,"PLACED_ON_THE_MARKET_ID","pl","Polska"
-108,"PLACED_ON_THE_MARKET_ID","sv","Italien"
-73,"PLACED_ON_THE_MARKET_ID","hu","Feröer szigetek"
-195,"PLACED_ON_THE_MARKET_ID","nl","Slovenië"
-119,"PLACED_ON_THE_MARKET_ID","hu","Dél-Korea"
-117,"PLACED_ON_THE_MARKET_ID","pt","São Cristóvão e Neves"
-190,"PLACED_ON_THE_MARKET_ID","lt","Seišeliai"
-248,"PLACED_ON_THE_MARKET_ID","hu","Dél-Szudán"
-205,"PLACED_ON_THE_MARKET_ID","da","Syrien"
-219,"RISK_CLASS_ID","fi","Itse suoritettavaan testaukseen tarkoitetut IVD-laitteet"
-86,"PLACED_ON_THE_MARKET_ID","en","Equatorial Guinea"
-165,"PLACED_ON_THE_MARKET_ID","et","Nauru"
-166,"PLACED_ON_THE_MARKET_ID","sl","Niue"
-154,"RISK_CLASS_ID","da","AIMDD"
-215,"PLACED_ON_THE_MARKET_ID","da","Turkmenistan"
-54,"PLACED_ON_THE_MARKET_ID","es","Chipre"
-143,"PLACED_ON_THE_MARKET_ID","pt","Mongólia"
-98,"PLACED_ON_THE_MARKET_ID","nl","Hongarije"
-4,"PLACED_ON_THE_MARKET_ID","sk","Antigua a Barbuda"
-190,"PLACED_ON_THE_MARKET_ID","da","Seychellerne"
-33,"PLACED_ON_THE_MARKET_ID","hu","Bouvet-sziget"
-12,"DEVICE_STATUS_TYPE_ID","hr","Više se ne stavlja na tržište EU-a"
-197,"APPLICABLE_LEGISLATION_ID","en","MDR (REGULATION (EU) 2017/745 on medical devices)"
-6,"PLACED_ON_THE_MARKET_ID","el","Αλβανία"
-161,"PLACED_ON_THE_MARKET_ID","nl","Nicaragua"
-176,"PLACED_ON_THE_MARKET_ID","en","Saint Pierre and Miquelon"
-193,"PLACED_ON_THE_MARKET_ID","fi","Singapore"
-17,"PLACED_ON_THE_MARKET_ID","fr","Azerbaïdjan"
-790,"DEVICE_STATUS_TYPE_ID","it","Non destinato al mercato dell'UE"
-189,"PLACED_ON_THE_MARKET_ID","pt","Ilhas Salomão"
-113,"PLACED_ON_THE_MARKET_ID","bg","Киргизстан"
-156,"RISK_CLASS_ID","ro","IVD Anexa II Lista B"
-55,"APPLICABLE_LEGISLATION_ID","el","IVDR [οδηγία (ΕΕ) 98/79/ΕΚ για τα ιατροτεχνολογικά προϊόντα που χρησιμοποιούνται στη διάγνωση in vitro]"
-246,"PLACED_ON_THE_MARKET_ID","de","Jersey"
-19,"PLACED_ON_THE_MARKET_ID","lt","Barbadosas"
-11,"PLACED_ON_THE_MARKET_ID","bg","Аржентина"
-153,"PLACED_ON_THE_MARKET_ID","it","Messico"
-94,"PLACED_ON_THE_MARKET_ID","lt","Herdo ir Makdonaldo Salos"
-231,"PLACED_ON_THE_MARKET_ID","lt","Venesuela"
-225,"PLACED_ON_THE_MARKET_ID","es","Islas menores alejadas de los Estados Unidos"
-168,"PLACED_ON_THE_MARKET_ID","lv","Omāna"
-30,"PLACED_ON_THE_MARKET_ID","es","Brasil"
-10,"RISK_CLASS_ID","cs","Třída III"
-184,"PLACED_ON_THE_MARKET_ID","de","Réunion"
-195,"PLACED_ON_THE_MARKET_ID","sk","Slovinsko"
-219,"PLACED_ON_THE_MARKET_ID","ro","Trinidad și Tobago"
-152,"PLACED_ON_THE_MARKET_ID","pl","Malawi"
-212,"PLACED_ON_THE_MARKET_ID","fr","Tadjikistan"
-193,"PLACED_ON_THE_MARKET_ID","cs","Singapur"
-790,"DEVICE_STATUS_TYPE_ID","el","Δεν προορίζεται για την αγορά της ΕΕ"
-79,"PLACED_ON_THE_MARKET_ID","hr","Francuska Gijana"
-122,"PLACED_ON_THE_MARKET_ID","fr","Kazakhstan"
-62,"PLACED_ON_THE_MARKET_ID","sk","Ekvádor"
-205,"RISK_CLASS_ID","it","Classe IIb"
-192,"PLACED_ON_THE_MARKET_ID","el","Σουηδία"
-177,"PLACED_ON_THE_MARKET_ID","bg","Острови Питкерн"
-154,"RISK_CLASS_ID","pl","AIMDD"
-46,"PLACED_ON_THE_MARKET_ID","fr","Cameroun"
-138,"PLACED_ON_THE_MARKET_ID","mt","Madagascar"
-95,"PLACED_ON_THE_MARKET_ID","it","Honduras"
-79,"PLACED_ON_THE_MARKET_ID","de","Französisch-Guayana"
-182,"PLACED_ON_THE_MARKET_ID","ro","Paraguay"
-71,"PLACED_ON_THE_MARKET_ID","mt","Il-Gżejjer Falkland"
-118,"PLACED_ON_THE_MARKET_ID","el","Βόρεια Κορέα"
-85,"PLACED_ON_THE_MARKET_ID","ro","Guadelupa"
-183,"PLACED_ON_THE_MARKET_ID","sk","Katar"
-205,"PLACED_ON_THE_MARKET_ID","hu","Szíria"
-160,"PLACED_ON_THE_MARKET_ID","nl","Nigeria"
-50,"PLACED_ON_THE_MARKET_ID","pl","Serbia"
-64,"PLACED_ON_THE_MARKET_ID","et","Egiptus"
-133,"PLACED_ON_THE_MARKET_ID","sk","Líbya"
-122,"PLACED_ON_THE_MARKET_ID","pl","Kazachstan"
-126,"PLACED_ON_THE_MARKET_ID","nl","Liechtenstein"
-790,"DEVICE_STATUS_TYPE_ID","fi","Ei tarkoitettu EU:n markkinoille"
-19,"PLACED_ON_THE_MARKET_ID","pl","Barbados"
-245,"PLACED_ON_THE_MARKET_ID","sk","Turecko"
-149,"PLACED_ON_THE_MARKET_ID","lv","Malta"
-24,"PLACED_ON_THE_MARKET_ID","sv","Bahrain"
-202,"RISK_CLASS_ID","fr","Classe D"
-130,"PLACED_ON_THE_MARKET_ID","it","Lituania"
-168,"PLACED_ON_THE_MARKET_ID","en","Oman"
-52,"PLACED_ON_THE_MARKET_ID","nl","Kaapverdië"
-129,"PLACED_ON_THE_MARKET_ID","sk","Lesotho"
-12,"PLACED_ON_THE_MARKET_ID","fr","Samoa américaines"
-212,"PLACED_ON_THE_MARKET_ID","it","Tagikistan"
-48,"PLACED_ON_THE_MARKET_ID","lt","Kolumbija"
-116,"PLACED_ON_THE_MARKET_ID","ro","Comore"
-50,"PLACED_ON_THE_MARKET_ID","fi","Serbia"
-215,"PLACED_ON_THE_MARKET_ID","fr","Turkménistan"
-212,"PLACED_ON_THE_MARKET_ID","da","Tadsjikistan"
-40,"PLACED_ON_THE_MARKET_ID","hu","Közép-afrikai Köztársaság"
-44,"PLACED_ON_THE_MARKET_ID","es","Islas Cook"
-107,"PLACED_ON_THE_MARKET_ID","et","Island"
-197,"APPLICABLE_LEGISLATION_ID","it","MDR (Regolamento (UE) 2017/745 sui dispositivi medici)"
-19,"PLACED_ON_THE_MARKET_ID","fr","Barbade"
-10,"PLACED_ON_THE_MARKET_ID","cs","Antarktida"
-120,"PLACED_ON_THE_MARKET_ID","cs","Kuvajt"
-123,"PLACED_ON_THE_MARKET_ID","de","Laos"
-37,"PLACED_ON_THE_MARKET_ID","da","Canada"
-108,"PLACED_ON_THE_MARKET_ID","lv","Itālija"
-6,"PLACED_ON_THE_MARKET_ID","fr","Albanie"
-197,"PLACED_ON_THE_MARKET_ID","it","Slovacchia"
-130,"PLACED_ON_THE_MARKET_ID","es","Lituania"
-48,"PLACED_ON_THE_MARKET_ID","lv","Kolumbija"
-237,"PLACED_ON_THE_MARKET_ID","da","Samoa"
-227,"PLACED_ON_THE_MARKET_ID","hr","Urugvaj"
-137,"PLACED_ON_THE_MARKET_ID","en","Montenegro"
-249,"PLACED_ON_THE_MARKET_ID","et","Bonaire, Sint Eustatius ja Saba"
-230,"PLACED_ON_THE_MARKET_ID","de","St. Vincent und die Grenadinen"
-114,"PLACED_ON_THE_MARKET_ID","it","Cambogia"
-48,"PLACED_ON_THE_MARKET_ID","en","Colombia"
-83,"PLACED_ON_THE_MARKET_ID","es","Gambia"
-215,"PLACED_ON_THE_MARKET_ID","it","Turkmenistan"
-254,"PLACED_ON_THE_MARKET_ID","el","Άγιος Μαρτίνος (Saint Martin)"
-163,"PLACED_ON_THE_MARKET_ID","de","Norwegen"
-213,"PLACED_ON_THE_MARKET_ID","lv","Tokelau"
-540,"MULTI_COMPONENT_ID","sv","Modulsammansatt produkt"
-145,"PLACED_ON_THE_MARKET_ID","hu","Északi-Mariana-szigetek"
-171,"PLACED_ON_THE_MARKET_ID","bg","Френска Полинезия"
-182,"PLACED_ON_THE_MARKET_ID","bg","Парагвай"
-102,"PLACED_ON_THE_MARKET_ID","bg","Остров Ман"
-226,"PLACED_ON_THE_MARKET_ID","sl","Združene države"
-34,"PLACED_ON_THE_MARKET_ID","pl","Botswana"
-41,"PLACED_ON_THE_MARKET_ID","et","Kongo Vabariik"
-137,"PLACED_ON_THE_MARKET_ID","et","Montenegro"
-127,"PLACED_ON_THE_MARKET_ID","es","Sri Lanka"
-146,"PLACED_ON_THE_MARKET_ID","el","Μαρτινίκα"
-200,"PLACED_ON_THE_MARKET_ID","sk","Senegal"
-171,"PLACED_ON_THE_MARKET_ID","el","Γαλλική Πολυνησία"
-132,"PLACED_ON_THE_MARKET_ID","lv","Latvija"
-161,"PLACED_ON_THE_MARKET_ID","hu","Nicaragua"
-121,"PLACED_ON_THE_MARKET_ID","cs","Kajmanské ostrovy"
-191,"PLACED_ON_THE_MARKET_ID","lv","Sudāna"
-141,"PLACED_ON_THE_MARKET_ID","es","Mali"
-60,"PLACED_ON_THE_MARKET_ID","cs","Dominikánská republika"
-38,"PLACED_ON_THE_MARKET_ID","en","Cocos (Keeling) Islands"
-75,"PLACED_ON_THE_MARKET_ID","de","Gabun"
-200,"PLACED_ON_THE_MARKET_ID","es","Senegal"
-37,"PLACED_ON_THE_MARKET_ID","el","Καναδάς"
-182,"PLACED_ON_THE_MARKET_ID","lt","Paragvajus"
-11,"PLACED_ON_THE_MARKET_ID","el","Αργεντινή"
-32,"PLACED_ON_THE_MARKET_ID","hu","Bhután"
-175,"PLACED_ON_THE_MARKET_ID","hr","Poljska"
-119,"PLACED_ON_THE_MARKET_ID","fi","Etelä-Korea"
-14,"PLACED_ON_THE_MARKET_ID","el","Αυστραλία"
-207,"PLACED_ON_THE_MARKET_ID","hr","Otoci Turks i Caicos"
-53,"APPLICABLE_LEGISLATION_ID","sv","MDD (direktiv 93/42/EEG om medicintekniska produkter)"
-149,"PLACED_ON_THE_MARKET_ID","es","Malta"
-65,"PLACED_ON_THE_MARKET_ID","el","Δυτική Σαχάρα"
-126,"PLACED_ON_THE_MARKET_ID","mt","Il-Liechtenstein"
-155,"PLACED_ON_THE_MARKET_ID","bg","Мозамбик"
-162,"PLACED_ON_THE_MARKET_ID","pt","Países Baixos"
-191,"PLACED_ON_THE_MARKET_ID","it","Sudan"
-46,"SPECIAL_DEVICE_TYPE_ID","da","Rigid Gas Permeable (RGP)-kontaktlinser"
-216,"PLACED_ON_THE_MARKET_ID","hr","Tunis"
-12,"PLACED_ON_THE_MARKET_ID","it","Samoa americane"
-64,"PLACED_ON_THE_MARKET_ID","sv","Egypten"
-224,"PLACED_ON_THE_MARKET_ID","sl","Uganda"
-37,"PLACED_ON_THE_MARKET_ID","bg","Канада"
-181,"PLACED_ON_THE_MARKET_ID","fr","Palaos"
-110,"PLACED_ON_THE_MARKET_ID","cs","Jordánsko"
-25,"PLACED_ON_THE_MARKET_ID","en","Burundi"
-47,"PLACED_ON_THE_MARKET_ID","fi","Kiina"
-83,"PLACED_ON_THE_MARKET_ID","en","The Gambia"
-24,"PLACED_ON_THE_MARKET_ID","de","Bahrain"
-114,"PLACED_ON_THE_MARKET_ID","pl","Kambodża"
-1188,"SPECIAL_DEVICE_TYPE_ID","mt","Lentijiet tal-kuntatt magħmulin fuq ordni"
-248,"PLACED_ON_THE_MARKET_ID","lt","Pietų Sudanas"
-214,"PLACED_ON_THE_MARKET_ID","pl","Timor Wschodni"
-1191,"SPECIAL_DEVICE_TYPE_ID","sl","Gotova očala za branje"
-223,"PLACED_ON_THE_MARKET_ID","sl","Ukrajina"
-235,"PLACED_ON_THE_MARKET_ID","et","Vanuatu"
-112,"PLACED_ON_THE_MARKET_ID","sv","Kenya"
-135,"PLACED_ON_THE_MARKET_ID","fr","Monaco"
-202,"PLACED_ON_THE_MARKET_ID","sk","Surinam"
-116,"PLACED_ON_THE_MARKET_ID","hu","Comore-szigetek"
-231,"PLACED_ON_THE_MARKET_ID","sl","Venezuela"
-246,"PLACED_ON_THE_MARKET_ID","pl","Jersey"
-133,"PLACED_ON_THE_MARKET_ID","fr","Libye"
-193,"PLACED_ON_THE_MARKET_ID","sv","Singapore"
-198,"PLACED_ON_THE_MARKET_ID","bg","Сиера Леоне"
-220,"PLACED_ON_THE_MARKET_ID","pt","Tuvalu"
-187,"PLACED_ON_THE_MARKET_ID","bg","Руанда"
-156,"RISK_CLASS_ID","lt","IVD II priedo B sąrašas"
-140,"PLACED_ON_THE_MARKET_ID","fr","Macédoine du Nord"
-251,"PLACED_ON_THE_MARKET_ID","et","Clipperton"
-149,"PLACED_ON_THE_MARKET_ID","da","Μalta"
-92,"PLACED_ON_THE_MARKET_ID","ro","Guyana"
-153,"PLACED_ON_THE_MARKET_ID","mt","Il-Messiku"
-10,"PLACED_ON_THE_MARKET_ID","ro","Antarctica"
-28,"PLACED_ON_THE_MARKET_ID","mt","Il-Brunei"
-132,"PLACED_ON_THE_MARKET_ID","da","Letland"
-137,"PLACED_ON_THE_MARKET_ID","bg","Черна гора"
-62,"PLACED_ON_THE_MARKET_ID","da","Ecuador"
-105,"PLACED_ON_THE_MARKET_ID","ro","Irak"
-252,"PLACED_ON_THE_MARKET_ID","mt","Curaçao"
-122,"PLACED_ON_THE_MARKET_ID","lv","Kazahstāna"
-110,"PLACED_ON_THE_MARKET_ID","pl","Jordania"
-193,"PLACED_ON_THE_MARKET_ID","nl","Singapore"
-95,"PLACED_ON_THE_MARKET_ID","sv","Honduras"
-129,"PLACED_ON_THE_MARKET_ID","fi","Lesotho"
-46,"PLACED_ON_THE_MARKET_ID","lt","Kamerūnas"
-197,"APPLICABLE_LEGISLATION_ID","sv","MDR (förordning (EU) 2017/745 om medicintekniska produkter)"
-168,"PLACED_ON_THE_MARKET_ID","sk","Omán"
-54,"APPLICABLE_LEGISLATION_ID","bg","AIMDD (Директива 90/385/ЕИО относно активните имплантируеми медицински изделия)"
-10,"PLACED_ON_THE_MARKET_ID","fi","Antarktis"
-78,"PLACED_ON_THE_MARKET_ID","ro","Georgia"
-88,"PLACED_ON_THE_MARKET_ID","pl","Georgia Południowa i Sandwich Południowy"
-47,"PLACED_ON_THE_MARKET_ID","da","Kina"
-27,"PLACED_ON_THE_MARKET_ID","fr","Bermudes"
-129,"PLACED_ON_THE_MARKET_ID","sl","Lesoto"
-132,"PLACED_ON_THE_MARKET_ID","el","Λετονία"
-201,"PLACED_ON_THE_MARKET_ID","mt","Is-Somalja"
-7,"PLACED_ON_THE_MARKET_ID","hu","Örményország"
-204,"PLACED_ON_THE_MARKET_ID","es","El Salvador"
-31,"PLACED_ON_THE_MARKET_ID","da","Bahamas"
-22,"PLACED_ON_THE_MARKET_ID","de","Burkina Faso"
-1,"PLACED_ON_THE_MARKET_ID","es","Andorra"
-249,"PLACED_ON_THE_MARKET_ID","pt","Bonaire, Santo Eustáquio e Saba"
-160,"PLACED_ON_THE_MARKET_ID","de","Nigeria"
-209,"PLACED_ON_THE_MARKET_ID","nl","Franse Zuidelijke en Zuidpoolgebieden"
-210,"PLACED_ON_THE_MARKET_ID","hu","Togo"
-30,"PLACED_ON_THE_MARKET_ID","hu","Brazília"
-1307,"STATUS_ID","sl","Neaktivno"
-47,"PLACED_ON_THE_MARKET_ID","cs","Čína"
-136,"PLACED_ON_THE_MARKET_ID","sv","Moldavien"
-64,"PLACED_ON_THE_MARKET_ID","el","Αίγυπτος"
-3030,"SPECIAL_DEVICE_TYPE_ID","fr","Lentilles de contact rigides perméables au gaz (RGP) fabriquées sur mesure"
-111,"PLACED_ON_THE_MARKET_ID","en","Japan"
-234,"PLACED_ON_THE_MARKET_ID","lv","Vjetnama"
-155,"RISK_CLASS_ID","sk","IVD Príloha II Zoznam A"
-151,"PLACED_ON_THE_MARKET_ID","de","Malediven"
-156,"PLACED_ON_THE_MARKET_ID","cs","Namibie"
-1189,"SPECIAL_DEVICE_TYPE_ID","fi","Silmälasien kehykset"
-62,"PLACED_ON_THE_MARKET_ID","ro","Ecuador"
-116,"MULTI_COMPONENT_ID","nl","Systeem dat een hulpmiddel op zich is"
-170,"PLACED_ON_THE_MARKET_ID","bg","Перу"
-255,"PLACED_ON_THE_MARKET_ID","pt","Ilhas Canárias"
-204,"PLACED_ON_THE_MARKET_ID","sl","Salvador"
-94,"PLACED_ON_THE_MARKET_ID","fr","Îles Heard et McDonald"
-84,"PLACED_ON_THE_MARKET_ID","hr","Gvineja"
-114,"PLACED_ON_THE_MARKET_ID","fr","Cambodge"
-6,"PLACED_ON_THE_MARKET_ID","hr","Albanija"
-93,"PLACED_ON_THE_MARKET_ID","lt","Honkongas"
-76,"PLACED_ON_THE_MARKET_ID","sl","Združeno kraljestvo (brez Severne Irske)"
-12,"DEVICE_STATUS_TYPE_ID","de","In der EU nicht mehr in Verkehr"
-204,"PLACED_ON_THE_MARKET_ID","pt","Salvador"
-199,"PLACED_ON_THE_MARKET_ID","pt","São Marinho"
-1191,"SPECIAL_DEVICE_TYPE_ID","es","Gafas de lectura premontadas"
-790,"DEVICE_STATUS_TYPE_ID","sk","Nie je určená na trh EÚ"
-97,"PLACED_ON_THE_MARKET_ID","de","Haiti"
-128,"PLACED_ON_THE_MARKET_ID","sv","Liberia"
-90,"PLACED_ON_THE_MARKET_ID","cs","Guam"
-34,"PLACED_ON_THE_MARKET_ID","sk","Botswana"
-27,"PLACED_ON_THE_MARKET_ID","bg","Бермудски острови"
-43,"PLACED_ON_THE_MARKET_ID","et","Côte d'Ivoire"
-187,"PLACED_ON_THE_MARKET_ID","sl","Ruanda"
-138,"PLACED_ON_THE_MARKET_ID","lt","Madagaskaras"
-91,"PLACED_ON_THE_MARKET_ID","pt","Guiné-Bissau"
-142,"PLACED_ON_THE_MARKET_ID","cs","Myanmar/Barma"
-45,"PLACED_ON_THE_MARKET_ID","mt","Iċ-Ċilì"
-159,"PLACED_ON_THE_MARKET_ID","fi","Norfolkinsaari"
-32,"PLACED_ON_THE_MARKET_ID","nl","Bhutan"
-250,"PLACED_ON_THE_MARKET_ID","pt","São Bartolomeu"
-195,"PLACED_ON_THE_MARKET_ID","sl","Slovenija"
-51,"PLACED_ON_THE_MARKET_ID","en","Cuba"
-111,"PLACED_ON_THE_MARKET_ID","el","Ιαπωνία"
-110,"PLACED_ON_THE_MARKET_ID","pt","Jordânia"
-232,"PLACED_ON_THE_MARKET_ID","sv","Brittiska Jungfruöarna"
-152,"PLACED_ON_THE_MARKET_ID","et","Malawi"
-243,"PLACED_ON_THE_MARKET_ID","hr","Sjeverna Irska"
-172,"PLACED_ON_THE_MARKET_ID","de","Papua-Neuguinea"
-243,"PLACED_ON_THE_MARKET_ID","mt","L-Irlanda ta’ Fuq"
-79,"PLACED_ON_THE_MARKET_ID","sv","Franska Guyana"
-23,"PLACED_ON_THE_MARKET_ID","et","Bulgaaria"
-132,"PLACED_ON_THE_MARKET_ID","fi","Latvia"
-50,"PLACED_ON_THE_MARKET_ID","sk","Srbsko"
-148,"PLACED_ON_THE_MARKET_ID","it","Montserrat"
-100,"PLACED_ON_THE_MARKET_ID","da","Irland"
-166,"PLACED_ON_THE_MARKET_ID","bg","Ниуе"
-79,"PLACED_ON_THE_MARKET_ID","sk","Francúzska Guyana"
-146,"PLACED_ON_THE_MARKET_ID","en","Martinique"
-171,"PLACED_ON_THE_MARKET_ID","es","Polinesia Francesa"
-10,"RISK_CLASS_ID","el","Κατηγορία III"
-200,"PLACED_ON_THE_MARKET_ID","fi","Senegal"
-117,"MULTI_COMPONENT_ID","fr","Nécessaire constituant un dispositif à part entière"
-45,"PLACED_ON_THE_MARKET_ID","sv","Chile"
-131,"PLACED_ON_THE_MARKET_ID","ro","Luxemburg"
-790,"DEVICE_STATUS_TYPE_ID","sv","Ej avsedd för EU-marknaden"
-23,"PLACED_ON_THE_MARKET_ID","en","Bulgaria"
-75,"PLACED_ON_THE_MARKET_ID","sv","Gabon"
-20,"PLACED_ON_THE_MARKET_ID","hu","Banglades"
-14,"PLACED_ON_THE_MARKET_ID","ro","Australia"
-256,"PLACED_ON_THE_MARKET_ID","es","Isla de Sark"
-160,"PLACED_ON_THE_MARKET_ID","fi","Nigeria"
-85,"PLACED_ON_THE_MARKET_ID","it","Guadalupa"
-208,"PLACED_ON_THE_MARKET_ID","sl","Čad"
-11,"PLACED_ON_THE_MARKET_ID","fr","Argentine"
-28,"PLACED_ON_THE_MARKET_ID","pt","Brunei"
-142,"PLACED_ON_THE_MARKET_ID","sk","Mjanmarsko/Barma"
-68,"PLACED_ON_THE_MARKET_ID","pl","Etiopia"
-157,"PLACED_ON_THE_MARKET_ID","da","Ny Kaledonien"
-189,"PLACED_ON_THE_MARKET_ID","en","Solomon Islands"
-163,"PLACED_ON_THE_MARKET_ID","da","Norge"
-28,"PLACED_ON_THE_MARKET_ID","hu","Brunei"
-107,"PLACED_ON_THE_MARKET_ID","de","Island"
-246,"PLACED_ON_THE_MARKET_ID","mt","Jersey"
-128,"PLACED_ON_THE_MARKET_ID","mt","Il-Liberja"
-94,"PLACED_ON_THE_MARKET_ID","pl","Wyspy Heard i McDonalda"
-25,"PLACED_ON_THE_MARKET_ID","pl","Burundi"
-215,"PLACED_ON_THE_MARKET_ID","et","Türkmenistan"
-153,"PLACED_ON_THE_MARKET_ID","fr","Mexique"
-257,"PLACED_ON_THE_MARKET_ID","de","Kosovo*"
-119,"PLACED_ON_THE_MARKET_ID","sl","Južna Koreja"
-43,"SPECIAL_DEVICE_TYPE_ID","hu","refdata.special-mdr-device-type.software"
-204,"RISK_CLASS_ID","pt","Classe IIa"
-87,"PLACED_ON_THE_MARKET_ID","el","Ελλάδα"
-136,"PLACED_ON_THE_MARKET_ID","lv","Moldova"
-49,"PLACED_ON_THE_MARKET_ID","ro","Costa Rica"
-229,"PLACED_ON_THE_MARKET_ID","es","Santa Sede"
-6,"PLACED_ON_THE_MARKET_ID","nl","Albanië"
-223,"PLACED_ON_THE_MARKET_ID","de","Ukraine"
-1307,"STATUS_ID","de","Inaktiv"
-248,"PLACED_ON_THE_MARKET_ID","sl","Južni Sudan"
-183,"PLACED_ON_THE_MARKET_ID","it","Qatar"
-28,"PLACED_ON_THE_MARKET_ID","lt","Brunėjus"
-16,"PLACED_ON_THE_MARKET_ID","ro","Insulele Åland"
-228,"PLACED_ON_THE_MARKET_ID","pl","Uzbekistan"
-4,"PLACED_ON_THE_MARKET_ID","da","Antigua og Barbuda"
-237,"PLACED_ON_THE_MARKET_ID","it","Samoa"
-60,"PLACED_ON_THE_MARKET_ID","sv","Dominikanska republiken"
-103,"PLACED_ON_THE_MARKET_ID","fr","Inde"
-7,"PLACED_ON_THE_MARKET_ID","de","Armenien"
-116,"MULTI_COMPONENT_ID","el","Σύστημα το οποίο αποτελεί το ίδιο τεχνολογικό προϊόν"
-161,"PLACED_ON_THE_MARKET_ID","it","Nicaragua"
-28,"PLACED_ON_THE_MARKET_ID","sk","Brunej"
-174,"PLACED_ON_THE_MARKET_ID","el","Πακιστάν"
-223,"PLACED_ON_THE_MARKET_ID","ro","Ucraina"
-6,"PLACED_ON_THE_MARKET_ID","es","Albania"
-129,"PLACED_ON_THE_MARKET_ID","it","Lesotho"
-19,"PLACED_ON_THE_MARKET_ID","mt","Barbados"
-108,"PLACED_ON_THE_MARKET_ID","sl","Italija"
-145,"PLACED_ON_THE_MARKET_ID","ro","Insulele Mariane de Nord"
-790,"DEVICE_STATUS_TYPE_ID","hu","refdata.device-model-status.not-intended-for-eu-market"
-162,"PLACED_ON_THE_MARKET_ID","mt","In-Netherlands"
-200,"RISK_CLASS_ID","cs","Třída B"
-40,"PLACED_ON_THE_MARKET_ID","et","Kesk-Aafrika Vabariik"
-163,"PLACED_ON_THE_MARKET_ID","hr","Norveška"
-66,"PLACED_ON_THE_MARKET_ID","lv","Eritreja"
-154,"RISK_CLASS_ID","sk","AIMDD"
-151,"PLACED_ON_THE_MARKET_ID","hr","Maldivi"
-225,"PLACED_ON_THE_MARKET_ID","sl","Ameriški manjši zunanji otoki"
-81,"PLACED_ON_THE_MARKET_ID","pt","Gibraltar"
-255,"PLACED_ON_THE_MARKET_ID","sk","Kanárske ostrovy"
-253,"PLACED_ON_THE_MARKET_ID","fi","Sint Maarten"
-38,"PLACED_ON_THE_MARKET_ID","el","Νήσοι Κόκος (Κίλινγκ)"
-77,"PLACED_ON_THE_MARKET_ID","et","Grenada"
-158,"PLACED_ON_THE_MARKET_ID","ro","Niger"
-108,"PLACED_ON_THE_MARKET_ID","el","Ιταλία"
-27,"PLACED_ON_THE_MARKET_ID","pl","Bermudy"
-40,"PLACED_ON_THE_MARKET_ID","pl","Republika Środkowoafrykańska"
-161,"PLACED_ON_THE_MARKET_ID","bg","Никарагуа"
-136,"PLACED_ON_THE_MARKET_ID","lt","Moldova"
-64,"PLACED_ON_THE_MARKET_ID","bg","Египет"
-11,"PLACED_ON_THE_MARKET_ID","nl","Argentinië"
-77,"PLACED_ON_THE_MARKET_ID","fi","Grenada"
-149,"PLACED_ON_THE_MARKET_ID","cs","Malta"
-123,"PLACED_ON_THE_MARKET_ID","lv","Laosa"
-25,"PLACED_ON_THE_MARKET_ID","fr","Burundi"
-197,"APPLICABLE_LEGISLATION_ID","fr","MDR [Règlement (UE) 2017/745 relatif aux dispositifs médicaux]"
-245,"PLACED_ON_THE_MARKET_ID","nl","Turkije"
-143,"PLACED_ON_THE_MARKET_ID","nl","Mongolië"
-210,"PLACED_ON_THE_MARKET_ID","ro","Togo"
-174,"PLACED_ON_THE_MARKET_ID","en","Pakistan"
-51,"PLACED_ON_THE_MARKET_ID","el","Κούβα"
-226,"PLACED_ON_THE_MARKET_ID","pt","Estados Unidos"
-175,"PLACED_ON_THE_MARKET_ID","hu","Lengyelország"
-65,"PLACED_ON_THE_MARKET_ID","pt","Saara ocidental"
-12,"PLACED_ON_THE_MARKET_ID","sv","Amerikanska Samoa"
-191,"PLACED_ON_THE_MARKET_ID","hu","Szudán"
-252,"PLACED_ON_THE_MARKET_ID","fi","Curaçao"
-59,"PLACED_ON_THE_MARKET_ID","et","Dominica"
-155,"RISK_CLASS_ID","nl","IVD Bijlage II Lijst A"
-36,"PLACED_ON_THE_MARKET_ID","cs","Belize"
-177,"PLACED_ON_THE_MARKET_ID","pl","Pitcairn"
-44,"SPECIAL_DEVICE_TYPE_ID","el","Συνήθεις μαλακοί φακοί επαφής"
-13,"PLACED_ON_THE_MARKET_ID","hr","Austrija"
-44,"PLACED_ON_THE_MARKET_ID","lt","Kuko Salos"
-103,"PLACED_ON_THE_MARKET_ID","el","Ινδία"
-2,"PLACED_ON_THE_MARKET_ID","sv","Förenade Arabemiraten"
-87,"PLACED_ON_THE_MARKET_ID","bg","Гърция"
-1307,"STATUS_ID","mt","Inattiva"
-120,"PLACED_ON_THE_MARKET_ID","en","Kuwait"
-168,"PLACED_ON_THE_MARKET_ID","fr","Oman"
-6,"PLACED_ON_THE_MARKET_ID","cs","Albánie"
-24,"PLACED_ON_THE_MARKET_ID","et","Bahrein"
-201,"RISK_CLASS_ID","et","Klass C"
-224,"PLACED_ON_THE_MARKET_ID","mt","L-Uganda"
-87,"PLACED_ON_THE_MARKET_ID","lv","Grieķija"
-124,"PLACED_ON_THE_MARKET_ID","el","Λίβανος"
-181,"PLACED_ON_THE_MARKET_ID","pt","Palau"
-15,"PLACED_ON_THE_MARKET_ID","de","Aruba"
-219,"RISK_CLASS_ID","hu","refdata.risk-class.ivd-devices-self-testing"
-83,"PLACED_ON_THE_MARKET_ID","et","Gambia"
-179,"PLACED_ON_THE_MARKET_ID","lv","Palestīna*"
-3021,"APPLICABLE_LEGISLATION_ID","lt","Nežinoma"
-110,"PLACED_ON_THE_MARKET_ID","sk","Jordánsko"
-35,"PLACED_ON_THE_MARKET_ID","pt","Bielorrússia"
-117,"MULTI_COMPONENT_ID","hr","Komplet koji sam predstavlja proizvod"
-196,"PLACED_ON_THE_MARKET_ID","ro","Svalbard și Jan Mayen"
-221,"PLACED_ON_THE_MARKET_ID","fi","Taiwan"
-18,"PLACED_ON_THE_MARKET_ID","bg","Босна и Херцеговина"
-157,"PLACED_ON_THE_MARKET_ID","ro","Noua Caledonie"
-185,"PLACED_ON_THE_MARKET_ID","et","Rumeenia"
-19,"PLACED_ON_THE_MARKET_ID","it","Barbados"
-200,"PLACED_ON_THE_MARKET_ID","hr","Senegal"
-66,"PLACED_ON_THE_MARKET_ID","el","Ερυθραία"
-103,"PLACED_ON_THE_MARKET_ID","sv","Indien"
-7,"PLACED_ON_THE_MARKET_ID","mt","L-Armenja"
-103,"PLACED_ON_THE_MARKET_ID","pl","Indie"
-239,"PLACED_ON_THE_MARKET_ID","fi","Mayotte"
-55,"PLACED_ON_THE_MARKET_ID","lv","Čehija"
-26,"PLACED_ON_THE_MARKET_ID","pl","Benin"
-4,"PLACED_ON_THE_MARKET_ID","en","Antigua and Barbuda"
-540,"MULTI_COMPONENT_ID","hu","Eszközrendszer"
-255,"PLACED_ON_THE_MARKET_ID","lt","Kanarų salos"
-224,"PLACED_ON_THE_MARKET_ID","lv","Uganda"
-200,"RISK_CLASS_ID","fr","Classe B"
-160,"PLACED_ON_THE_MARKET_ID","it","Nigeria"
-243,"PLACED_ON_THE_MARKET_ID","pt","Irlanda do Norte"
-133,"PLACED_ON_THE_MARKET_ID","hr","Libija"
-141,"PLACED_ON_THE_MARKET_ID","hu","Mali"
-127,"PLACED_ON_THE_MARKET_ID","lv","Šrilanka"
-211,"PLACED_ON_THE_MARKET_ID","it","Thailandia"
-199,"RISK_CLASS_ID","lt","A klasė"
-224,"PLACED_ON_THE_MARKET_ID","fi","Uganda"
-89,"PLACED_ON_THE_MARKET_ID","lv","Gvatemala"
-231,"PLACED_ON_THE_MARKET_ID","et","Venezuela"
-250,"PLACED_ON_THE_MARKET_ID","sk","Svätý Bartolomej"
-202,"RISK_CLASS_ID","ro","Clasa D"
-79,"PLACED_ON_THE_MARKET_ID","hu","Francia Guyana"
-188,"PLACED_ON_THE_MARKET_ID","hr","Saudijska Arabija"
-254,"PLACED_ON_THE_MARKET_ID","lv","Senmartēna"
-109,"PLACED_ON_THE_MARKET_ID","ro","Jamaica"
-172,"PLACED_ON_THE_MARKET_ID","lv","Papua–Jaungvineja"
-243,"PLACED_ON_THE_MARKET_ID","da","Nordirland"
-161,"PLACED_ON_THE_MARKET_ID","sv","Nicaragua"
-86,"PLACED_ON_THE_MARKET_ID","nl","Equatoriaal-Guinea"
-10,"RISK_CLASS_ID","bg","Клас III"
-133,"PLACED_ON_THE_MARKET_ID","da","Libyen"
-112,"PLACED_ON_THE_MARKET_ID","lt","Kenija"
-175,"PLACED_ON_THE_MARKET_ID","pt","Polónia"
-137,"PLACED_ON_THE_MARKET_ID","es","Montenegro"
-72,"PLACED_ON_THE_MARKET_ID","da","Mikronesien"
-213,"PLACED_ON_THE_MARKET_ID","fi","Tokelau"
-151,"PLACED_ON_THE_MARKET_ID","ro","Maldive"
-160,"PLACED_ON_THE_MARKET_ID","ro","Nigeria"
-95,"PLACED_ON_THE_MARKET_ID","fi","Honduras"
-192,"PLACED_ON_THE_MARKET_ID","pl","Szwecja"
-17,"PLACED_ON_THE_MARKET_ID","el","Αζερμπαϊτζάν"
-31,"PLACED_ON_THE_MARKET_ID","el","Μπαχάμες"
-223,"PLACED_ON_THE_MARKET_ID","fr","Ukraine"
-159,"PLACED_ON_THE_MARKET_ID","sk","Ostrov Norfolk"
-121,"PLACED_ON_THE_MARKET_ID","en","Cayman Islands"
-238,"PLACED_ON_THE_MARKET_ID","pt","Iémen"
-216,"PLACED_ON_THE_MARKET_ID","sl","Tunizija"
-225,"PLACED_ON_THE_MARKET_ID","ro","Insulele Minore Îndepărtate ale Statelor Unite"
-198,"APPLICABLE_LEGISLATION_ID","sk","IVDR [NARIADENIE (EÚ) 2017/746 o diagnostických zdravotníckych pomôckach in vitro]"
-18,"PLACED_ON_THE_MARKET_ID","es","Bosnia y Herzegovina"
-1306,"STATUS_ID","sv","Aktiv"
-174,"PLACED_ON_THE_MARKET_ID","bg","Пакистан"
-14,"PLACED_ON_THE_MARKET_ID","hr","Australija"
-41,"PLACED_ON_THE_MARKET_ID","en","Congo"
-213,"PLACED_ON_THE_MARKET_ID","el","Τοκελάου"
-14,"PLACED_ON_THE_MARKET_ID","fr","Australie"
-32,"PLACED_ON_THE_MARKET_ID","da","Bhutan"
-83,"PLACED_ON_THE_MARKET_ID","ro","Gambia"
-195,"PLACED_ON_THE_MARKET_ID","pl","Słowenia"
-39,"PLACED_ON_THE_MARKET_ID","lt","Kongo Demokratinė Respublika"
-164,"PLACED_ON_THE_MARKET_ID","es","Nepal"
-141,"PLACED_ON_THE_MARKET_ID","pt","Mali"
-174,"PLACED_ON_THE_MARKET_ID","fi","Pakistan"
-95,"PLACED_ON_THE_MARKET_ID","nl","Honduras"
-245,"PLACED_ON_THE_MARKET_ID","cs","Turecko"
-83,"PLACED_ON_THE_MARKET_ID","it","Gambia"
-135,"PLACED_ON_THE_MARKET_ID","da","Monaco"
-225,"PLACED_ON_THE_MARKET_ID","hu","Az Amerikai Egyesült Államok Külső Szigetei"
-165,"PLACED_ON_THE_MARKET_ID","en","Nauru"
-166,"PLACED_ON_THE_MARKET_ID","fr","Niue"
-790,"DEVICE_STATUS_TYPE_ID","fr","Non destiné au marché de l’UE"
-127,"PLACED_ON_THE_MARKET_ID","fr","Sri Lanka"
-65,"PLACED_ON_THE_MARKET_ID","lv","Rietumsahāra"
-53,"PLACED_ON_THE_MARKET_ID","es","Isla Christmas"
-151,"PLACED_ON_THE_MARKET_ID","da","Maldiverne"
-177,"PLACED_ON_THE_MARKET_ID","fi","Pitcairn"
-231,"PLACED_ON_THE_MARKET_ID","nl","Venezuela"
-225,"PLACED_ON_THE_MARKET_ID","de","Kleinere Amerikanische Überseeinseln"
-45,"PLACED_ON_THE_MARKET_ID","pt","Chile"
-194,"PLACED_ON_THE_MARKET_ID","lv","Svētās Helēnas sala, Debesbraukšanas sala un Tristana da Kuņjas salas"
-49,"PLACED_ON_THE_MARKET_ID","et","Costa Rica"
-144,"PLACED_ON_THE_MARKET_ID","sk","Macao"
-132,"PLACED_ON_THE_MARKET_ID","de","Lettland"
-212,"PLACED_ON_THE_MARKET_ID","mt","It-Taġikistan"
-120,"PLACED_ON_THE_MARKET_ID","da","Kuwait"
-61,"PLACED_ON_THE_MARKET_ID","sl","Alžirija"
-231,"PLACED_ON_THE_MARKET_ID","bg","Венесуела"
-78,"PLACED_ON_THE_MARKET_ID","et","Gruusia"
-131,"PLACED_ON_THE_MARKET_ID","fi","Luxemburg"
-130,"PLACED_ON_THE_MARKET_ID","hu","Litvánia"
-68,"PLACED_ON_THE_MARKET_ID","lv","Etiopija"
-100,"PLACED_ON_THE_MARKET_ID","sv","Irland"
-133,"PLACED_ON_THE_MARKET_ID","sv","Libyen"
-21,"PLACED_ON_THE_MARKET_ID","da","Belgien"
-156,"RISK_CLASS_ID","sv","IVD Bilaga II Förteckning B"
-116,"PLACED_ON_THE_MARKET_ID","sv","Komorerna"
-116,"MULTI_COMPONENT_ID","fi","Järjestelmä, joka on itsessään laite"
-219,"PLACED_ON_THE_MARKET_ID","el","Τρίνινταντ και Τομπέιγκο"
-78,"PLACED_ON_THE_MARKET_ID","da","Georgien"
-116,"PLACED_ON_THE_MARKET_ID","fr","Comores"
-57,"PLACED_ON_THE_MARKET_ID","da","Djibouti"
-116,"PLACED_ON_THE_MARKET_ID","lv","Komoru salas"
-246,"PLACED_ON_THE_MARKET_ID","lv","Džērsija"
-213,"PLACED_ON_THE_MARKET_ID","hu","Tokelau-szigetek"
-15,"PLACED_ON_THE_MARKET_ID","nl","Aruba"
-164,"PLACED_ON_THE_MARKET_ID","hu","Nepál"
-54,"APPLICABLE_LEGISLATION_ID","fi","AIMDD (AIMD-direktiivi, direktiivi 90/385/ETY aktiivisista implantoivista lääkinnällisistä laitteista)"
-126,"PLACED_ON_THE_MARKET_ID","sv","Liechtenstein"
-1191,"SPECIAL_DEVICE_TYPE_ID","bg","Готови очила за четене"
-154,"PLACED_ON_THE_MARKET_ID","pl","Malezja"
-127,"PLACED_ON_THE_MARKET_ID","ro","Sri Lanka"
-22,"PLACED_ON_THE_MARKET_ID","sl","Burkina Faso"
-10,"PLACED_ON_THE_MARKET_ID","hu","Antarktisz"
-76,"PLACED_ON_THE_MARKET_ID","nl","Verenigd Koninkrijk (met uitzondering van Noord-Ierland)"
-64,"PLACED_ON_THE_MARKET_ID","lv","Ēģipte"
-232,"PLACED_ON_THE_MARKET_ID","it","Isole Vergini britanniche"
-206,"PLACED_ON_THE_MARKET_ID","mt","L-Eswatini"
-197,"PLACED_ON_THE_MARKET_ID","cs","Slovensko"
-160,"PLACED_ON_THE_MARKET_ID","lt","Nigerija"
-146,"PLACED_ON_THE_MARKET_ID","it","Martinica"
-202,"PLACED_ON_THE_MARKET_ID","fr","Suriname"
-179,"PLACED_ON_THE_MARKET_ID","mt","Il-Palestina*"
-20,"PLACED_ON_THE_MARKET_ID","pt","Bangladexe"
-98,"PLACED_ON_THE_MARKET_ID","sl","Madžarska"
-3030,"SPECIAL_DEVICE_TYPE_ID","el","Αεροδιαπερατοί σκληροί (RPG) φακοί επαφής διαφοροποιημένοι κατόπιν παραγγελίας"
-238,"PLACED_ON_THE_MARKET_ID","lv","Jemena"
-45,"PLACED_ON_THE_MARKET_ID","el","Χιλή"
-228,"PLACED_ON_THE_MARKET_ID","nl","Oezbekistan"
-176,"PLACED_ON_THE_MARKET_ID","bg","Сен Пиер и Микелон"
-158,"PLACED_ON_THE_MARKET_ID","pl","Niger"
-541,"MULTI_COMPONENT_ID","it","Kit procedurale"
-1191,"SPECIAL_DEVICE_TYPE_ID","fi","Valmislukulasit"
-198,"APPLICABLE_LEGISLATION_ID","fr","IVDR [Règlement (UE) 2017/746 relatif aux dispositifs médicaux de diagnostic in vitro]"
-110,"PLACED_ON_THE_MARKET_ID","bg","Йордания"
-67,"PLACED_ON_THE_MARKET_ID","da","Spanien"
-140,"PLACED_ON_THE_MARKET_ID","mt","Il-Maċedonja ta’ Fuq"
-67,"PLACED_ON_THE_MARKET_ID","nl","Spanje"
-60,"PLACED_ON_THE_MARKET_ID","pl","Republika Dominikańska"
-50,"PLACED_ON_THE_MARKET_ID","cs","Srbsko"
-160,"PLACED_ON_THE_MARKET_ID","el","Νιγηρία"
-148,"PLACED_ON_THE_MARKET_ID","et","Montserrat"
-41,"PLACED_ON_THE_MARKET_ID","sk","Kongo"
-215,"PLACED_ON_THE_MARKET_ID","sl","Turkmenistan"
-71,"PLACED_ON_THE_MARKET_ID","da","Falklandsøerne"
-74,"PLACED_ON_THE_MARKET_ID","fr","France"
-34,"PLACED_ON_THE_MARKET_ID","cs","Botswana"
-26,"PLACED_ON_THE_MARKET_ID","sv","Benin"
-11,"DEVICE_STATUS_TYPE_ID","bg","На пазара на ЕС"
-84,"PLACED_ON_THE_MARKET_ID","sl","Gvineja"
-97,"PLACED_ON_THE_MARKET_ID","hu","Haiti"
-41,"PLACED_ON_THE_MARKET_ID","sl","Zahodni Kongo"
-90,"PLACED_ON_THE_MARKET_ID","pl","Guam"
-47,"SPECIAL_DEVICE_TYPE_ID","fr","Logiciels"
-232,"PLACED_ON_THE_MARKET_ID","hr","Britanski Djevičanski Otoci"
-141,"PLACED_ON_THE_MARKET_ID","et","Mali"
-68,"PLACED_ON_THE_MARKET_ID","nl","Ethiopië"
-12,"PLACED_ON_THE_MARKET_ID","sl","Ameriška Samoa"
-71,"PLACED_ON_THE_MARKET_ID","it","Isole Falkland"
-200,"RISK_CLASS_ID","nl","Klasse B"
-75,"PLACED_ON_THE_MARKET_ID","es","Gabón"
-61,"PLACED_ON_THE_MARKET_ID","ro","Algeria"
-217,"PLACED_ON_THE_MARKET_ID","nl","Tonga"
-55,"PLACED_ON_THE_MARKET_ID","sk","Česko"
-256,"PLACED_ON_THE_MARKET_ID","fi","Sark"
-249,"PLACED_ON_THE_MARKET_ID","de","Bonaire, Sint Eustatius und Saba"
-147,"PLACED_ON_THE_MARKET_ID","it","Mauritania"
-3030,"SPECIAL_DEVICE_TYPE_ID","mt","Lentijiet ta’ Kuntatt Permeabbli għall-Gass (RGP) magħmulin fuq ordni"
-219,"PLACED_ON_THE_MARKET_ID","et","Trinidad ja Tobago"
-155,"RISK_CLASS_ID","cs","IVD příloha II seznam A"
-77,"PLACED_ON_THE_MARKET_ID","bg","Гренада"
-38,"PLACED_ON_THE_MARKET_ID","sk","Kokosové ostrovy"
-35,"PLACED_ON_THE_MARKET_ID","cs","Bělorusko"
-28,"PLACED_ON_THE_MARKET_ID","lv","Bruneja"
-72,"PLACED_ON_THE_MARKET_ID","cs","Mikronésie"
-230,"PLACED_ON_THE_MARKET_ID","bg","Сейнт Винсънт и Гренадини"
-215,"PLACED_ON_THE_MARKET_ID","el","Τουρκμενιστάν"
-200,"RISK_CLASS_ID","et","Klass B"
-3,"PLACED_ON_THE_MARKET_ID","en","Afghanistan"
-215,"PLACED_ON_THE_MARKET_ID","hu","Türkmenisztán"
-20,"PLACED_ON_THE_MARKET_ID","nl","Bangladesh"
-10,"PLACED_ON_THE_MARKET_ID","sk","Antarktída"
-60,"PLACED_ON_THE_MARKET_ID","sk","Dominikánska republika"
-150,"PLACED_ON_THE_MARKET_ID","fi","Mauritius"
-109,"PLACED_ON_THE_MARKET_ID","sl","Jamajka"
-179,"PLACED_ON_THE_MARKET_ID","pt","Palestina*"
-197,"APPLICABLE_LEGISLATION_ID","ro","MDR [Regulamentul (UE) 2017/745 privind dispozitivele medicale]"
-239,"PLACED_ON_THE_MARKET_ID","pl","Majotta"
-213,"PLACED_ON_THE_MARKET_ID","en","Tokelau"
-117,"MULTI_COMPONENT_ID","pt","Conjunto para intervenções que constitui um dispositivo"
-246,"PLACED_ON_THE_MARKET_ID","et","Jersey"
-54,"PLACED_ON_THE_MARKET_ID","fr","Chypre"
-214,"PLACED_ON_THE_MARKET_ID","cs","Východní Timor"
-142,"PLACED_ON_THE_MARKET_ID","sl","Mjanmar/Burma"
-66,"PLACED_ON_THE_MARKET_ID","pl","Erytrea"
-3021,"APPLICABLE_LEGISLATION_ID","ro","Necunoscută"
-32,"PLACED_ON_THE_MARKET_ID","et","Bhutan"
-206,"PLACED_ON_THE_MARKET_ID","cs","Svazijsko"
-47,"PLACED_ON_THE_MARKET_ID","hr","Kina"