MDR Eudamed - Data Dictionary,,,,,,,,,,,,,,,,,,,,,
,,EA,,,EA,,EA,,,,,,,,,,,,,,
 Field ID,Field Label,Entity Name,Field Name,Database property,Field Description / Notes,ENUM Reference Code ,Field Type,Field Size,Multilingual Flag,Occurrence,Confidential,Searchable,GDPR Flag,Public Access Flag,Business Rules,Updateable,Updateable (version 'for Correction'),Field Applicable for MDR,Field Applicable for IVDR,DTX Entity,XSD Element Name
FLD-UDID-297,Issuing Entity Package UDI-DI,ContainedItem,IssuingEntity,DEVICE_IDENTIFIERS:ISSUING_AGENCY_ID,"Assigned Issuing Entities that will generate the DI Codes allocated for  all DI`s inside Eudamed (Basic UDI DI, UDI-DI, Unit of Use DI, Secondary Di , Package level DI).

The Commission shall designate one or several entities to operate a system for assignment of UDIs ('issuing entity')",ENUM_MDR_IssuingEntity,Enum,,,"1

Occurrence applicable  if Container Package (FLD-UDID-309 is provided",,Y,,Y,,,,Y,Y,DIIdentififierType,issuingEntityCode
FLD-UDID-120,Package UDI-DI,ContainedItem,DI Code,UDI_DI_DATA:PRIMARY_DI_ID,Unique identifier of the Package UDI-DI.,,String,XS,,"1

Occurrence applicable  if Container Package (FLD-UDID-309 is provided",,Y,,Y,BR-UDID-03    ,,,Y,Y,DIIdentififierType,identifier
FLD-UDID-121,Quantity per package,ContainedItem,noItems,CONTAINED_ITEMS:NUMBER_OF_ITEMS,"Number of Items in the Package Structure. 

Used when describing the Container Packaging Structure of a Device.",,Number,,,"1

Occurrence applicable  if Container Package (FLD-UDID-309 is provided",,,,Y,    ,,,Y,Y,PackageUDIType,numberOfItems
FLD-UDID-124,Related Package (/ UDI-DI),ContainedItem,parentContainedItem,CONTAINED_ITEMS:PARENT_ID,"Container Packaging Structure is a hierarchical structure defining how the Device is packaged together for shipping and selling reasons. 
The definition of the structure can start from the highest element in the structure (highest package in the structure) which contains no more parents and continues till the UDI-DI. Each element in the structure (each package element) must be defined.

For all structures defined, the last element (lowest element in the structure) defined must be  the UDI-DI (all structures defined - if several are defined, must be closed with the UDI-DI).

The field stores a link to the child element in the structure (current element being its parent). Field will not be provided for the lowest element - the UDI-DI (as it has no more childs)",,"Containeditem 

[DD UDI-DI]
[DD UDI-DI_SPP]",,,"1

Occurrence applicable  if Container Package (FLD-UDID-309 is provided",,,,Y,BR-UDID-661,,,Y,Y,PackageUDIType,child
FLD-UDID-130,Container Pack Status,ContainedItem,deviceStatus,CONTAINED_ITEMS:DEVICE_STATUS_ID,"Status of the Container Package element (On the EU market, Not intended to be placed on the EU market,  No longer placed on the EU market)",ENUM_UDID_ContainedItemStatus,Enum,,,"1

Occurrence applicable  if Container Package (FLD-UDID-309 is provided",,,,Y,BR-UDID-073,"Y
(Edit)
Only when the device is On the EU market status ",,Y,Y,PackageUDIType,code
FLD-UDID-298,Version,ContainedItem,versionData,BASIC_UDI_DATA:VERSION_NUMBER,Reference to the version of the Container Package,,"VersionData
[EUDAMED- Common Entities]",,,"1 

Managed by EUDAMED",,,,Y,,,,Y,Y,Entity,
