,,,,,,
,Field ID,Unique ID for the label (technical field).,,,Field Types,
,Field Label,"Field label in EN language as it appears at the GUI. 
NOTE: each field label needs to be recorded in the label log.",,,String,Text
,Entity Name,Entity model class name.,,,Date,A date
,Field Description/Notes,"Field description in EN language. 
Field related notes which will be transposed to EA and will be visible in the data model related documentation generated from EA.",,,Integer,A positive number
,ENUM Reference Code,Reference code to the enumeration list used by the field.,,,Enum,A list of predefined values
,Field Type,"Field type (technical field - string, date, boolean, long, enum(eration), binary, etc.)",,,Boolean,True or False
,Field Size,"XXS : 50 characters;
XS : 120 characters;
S : 255 characters;
M : 500 characters;
L :  2000 characters;
XL : clob;
XXL : 4000 characters;
SRN : 15 characters;
Number (10);
Decimal : Numeric- comma separated values;
Table short names: VARCHAR 2 (3 CHAR);
Audit fields : VARCHAR2 (30 CHAR)",,,Custom Entity,"None of the other field types, a custom entity containing multiple fields"
,Updateable Flag,Fields updatable by the users creating a new version,,,EmailAddress,A string with email format validation
,Multilingual Flag,If the user can provide multiple translations for this field.,,,Decimal,Number with a decimal point
,Occurrence,How many times does this field exists.,,,,
,Searchable,if the field will be used in the search.,,,,
,GDPR Flag,if the information stored in this field is considered personal data in compliance with PDPR,,,,
,Public Access Flag,if the information in this field will be available in the MDR Eudamed public site.,,,,
,Data Exchange Flag,Indicates if the field is part of the Data Exchange Services (Upload/Download),,,,
,Business Rules,Reference code to the business rules related to the field.,,,,
,DTX Entity Name,Data Exchange Entity name,,,,
,DTX XSD Element Name,Data Exchange XSD Element / Entity Attribute,,,,
