 Field ID,Field Label,Entity Name,Field Name,Field Description / Notes,ENUM Reference Code ,Field Type,Field Size,Multilingual Flag,Occurrence,Searchable,GDPR Flag,Public Access Flag,Business Rules
FLD-CRF-601,From date,SummaryReport,startReportingDate,Start date of the summary report.,,date,,N,1,Y,,,BR-CRF-259
FLD-CRF-602,To date,SummaryReport,endReportingDate,End date of the summary report.,,date,,N,1,Y,,,BR-CRF-259
FLD-CRF-603,Country,SummaryReport,memberState,"List of countries members of EU, EEA, Northern Ireland and Turkey.",ENUM_MDR_COUNTRY,enum,,N,1,Y,,,BR-CRF-259
FLD-CRF-604,Summary report,SummaryReport,summaryReport,The Summary Report in electronic form (PDF).,DOC-CRF-013,StoredDocument  [EUDAMED -  Common Entities],,N,1,,,,BR-CRF-259
FLD-CRF-605,State,SummaryReport,summaryReportVersionData,Keeps information about the state of a Summary Report version. Note that a Summary Report version has only 2 states:  'Registered' and 'Discarded'.,,"VersionData - FLD-EUD-014 - 
[EUDAMED -  Common Entities]",,N,1,,,,
FLD-CRF-606,Designating authority,SummaryReport,designatingCA,Reference to the designating authority (CA responsible for NBs) who requested the suspension/withdrawal of the certificate and is responsible for the NB that issued the certificate.,,Actor - FLD-ACT-001  -[Actor],,N,1,Y,,,
FLD-CRF-607,Report ID,SummaryReport,reportID,"Unique identification for uploaded reports. It is generated by EUDAMED in the following format: NBMSR-CC-YYYY-X
Where: CC - country code; YYYY - year; X - sequence number",,string,,N,1,,,,
FLD_SummaryReport.SubmissionDate,Submission date,SummaryReport,submissionDate,Date in which the DA registered the MS Summary Report ,,date,,,1,,,Y,
