 Field ID,Field Label,Entity Name,Field Description / Notes,ENUM Reference Code ,Field Type,Field Size,Multilingual Flag,Occurrence,Searchable,GDPR Flag,Public Access Flag,Business Rules,DTX Entity,XSD Element Name
FLD-CRF-367,CECP reference number,CECP,A unique CECP reference number generated by Eudamed. The number will consists of: [NB ID + current_year + XXXX],,string,XS,,1,Y,,,BR-CRF-170,CECPType,reference
FLD-CRF-302,Application ID for the conformity assessment,CECP,"The reference number identifying the application for conformity assessment  the MF submitted to the NB. The CECP is for device(s) assessed in the context of this conformity assessment. 
Note: In case the MF withdraws the application for conformity assessment or the NB refuses the certificate, the NB will register a withdrawn application for conformity assessment (see sheet 'Application') or a refused certificate (see sheet 'Application') with the same reference number.",,string,XS,,1,Y,,,"BR-CRF-150
BR-CRF-169",CECPType,applicationID
FLD-CRF-304,Device type,CECP,Defines the enumeration whether  CECP is for device type class III (Implantable) or class IIb (Active devices intended to administer and/or remove a medicinal product).,ENUM_CRF_CECPDeviceType ,enum,,,1,Y,,,BR-CRF-114,CECPType,deviceType
FLD-CRF-305,Prior Consultation of Expert Panel by the Manufacturer,CECP,"When set to TRUE it indicates that the MF has consulted an Expert Panel as regards the clinical evaluation of the device, before the clinical evaluation consultation procedure.",,boolean,,,1,,,,BR-CRF-168,NBDecisionType,priorConsultation
FLD-CRF-307,Notified Body number,CECP,The NB Identification number (assigned by NANDO) of the NB carrying out the conformity assessment of the device in the CECP.,,Actor - FLD-ACT-001  -[Actor],,,1,Y,,,"BR-CRF-006
BR-CRF-007
BR-CRF-008
BR-CRF-049",CECPType,NBActorCode
FLD-CRF-308,Manufacturer identification,CECP,The SRN of the MF of the device in the clinical evaluation (CECP).  The MF is identified by its SRN (a unique identification number assigned to the MF when it is registered as an Actor in Eudamed).,,"Manufacturer - FLD-ACT-001
Actor [Actor]",,,1,Y,,,"BR-CRF-009
BR-CRF-010
BR-CRF-011",CECPType,MFActorCode
FLD-CRF-309,Authorised representative identification,CECP,The SRN of the AR of the device in the clinical evaluation (CECP). It applies only when the MF of the device is a non-EU MF. The AR is identified by its SRN (a unique identification number assigned to the AR when it is registered as an Actor in Eudamed).,,"Authorised Representative - FLD-ACT-001
Actor [Actor]",,,0..*,Y,,,"BR-CRF-015
BR-CRF-051
BR-CRF-166",CECPType,ARActorCode
FLD-CRF-310,Certificate type,CECP,"Defines (enumeration) the conformity assessment procedure (certificate type) of the device in the CECP. Only the following conformity assessment procedures may have a CECP:
- (MDR) EU technical documentation assessment (Annex IX Chapter II);
- (MDR) EU type-examination (Annex X);
- (MDR) EU Quality Management System certificate (Annex IX Chapter I)",ENUM_CRF_CECPConformityAssessmentProcedure ,enum,,,1,Y,,,BR-CRF-113,CECPType,certificateType
FLD-CRF-311,Status,CECP,Indicates current status of a CECP. ,,ENUM_CRF_CECPstatus,,,1,,,,,CECPType,CECPStatuses
FLD-CRF-359,CECPStatuses,CECP,Indicates all historical statuses of an CECP.,,CECPStatus,,,1,,,,,CECPType,CECPStatuses
FLD-CRF-358,Status,CECPStatus,"Indicates (enumeration) the workflow status of the CECP (for example if the clinical evaluation consultation procedure applies, if the CECP has been assigned to an Expert Panel, etc.).

Note: This information is additional internal Eudamed information for each CECP. A CECP has only one version i.e. the versionNumber in entity VersionData is always 1.",ENUM_CRF_CECPstatus,enum,,,1,Y,,,"BR-CRF-059
BR-CRF-173",CECPType,CECPStatus
FLD-CRF-306,Status date,CECPStatus,Indicates the date when the last status update has occurred.,,date,,,1,,,,,DecisionType,date
FLD-CRF-312,Reason for not following the CECP,CECP,The reason (enumeration) for the non-following of the consultation procedure (scrutiny) to a CECP. ,ENUM_CRF_CECPNotFollowedReason,enum,,,0..1,Y,,,"BR-CRF-089
BR-CRF-165",NotFollowedCECPType,reason
FLD-CRF-306,Complementary Information,CECP,"Complementary information (free text) in case the consultation procedure (scrutiny) does not apply or is not followed. It is optional for the NB to provide complementary information.
Refer also to fields cecpStatus and CECPNotFollowedReason.",,string,M,,0..1,,,,BR-CRF-164,DecisionType,comments
FLD-CRF-314,(Current state of a CECP),CECP,"Keeps information about the state of a CECP.

Note: This information is additional internal Eudamed information for each CECP. A CECP has only one version i.e. the versionNumber in entity VersionData is always 1.
",,"VersionData - FLD-EUD-014 - 
[EUDAMED -  Common Entities]",,,1,Y,,,BR-CRF-177,,
FLD-CRF-315,Clinical evaluation assessment report,CECP,"The NB's clinical evaluation Assessment Report for the device in the CECP. It is language independent.
Refer also to fields of entity StoredDocument in sheet 'Common'.",DOC-CRF-004,StoredDocument  [EUDAMED -  Common Entities],,,1,,,,BR-CRF-171,NBDecisionType,CEAssessmentReport
FLD-CRF-355,Is this Clinical Evaluation consultation procedure followed?,CECP,When set to TRUE it indicates that the CECP is followed,,boolean,,,1,,,,BR-CRF-172,CECPType,NBDecision
FLD-CRF-356,(Linked to an application) ,Application,"Keeps information about the linked refused certificate or withdrawn application.
",,Application reference number - FLD-CRF-314 - [Application],,,0..1,,,,BR-CRF-209,CECPType,linkedApplication
